AGNO,RBD,NOM_RBD,COD_COM_RBD,NOM_COM_RBD,RURAL_RBD,ESTADO_ESTAB,COD_ENSE,MAT_HOM_TOT,MAT_MUJ_TOT,MAT_SI_TOT,MAT_TOTAL,CUR_SIM_TOT,CUR_COMB
2016,6348,COMPLEJO EDUCACIONAL MARTIN KLEINKNECHT,9118,TOLTEN,0,1,310,49,74,0,123,4,0
2016,6348,COMPLEJO EDUCACIONAL MARTIN KLEINKNECHT,9118,TOLTEN,0,1,610,134,108,0,242,8,0
2017,6348,COMPLEJO EDUCACIONAL MARTIN KLEINKNECHT,9118,TOLTEN,0,1,310,69,59,0,128,4,0
2017,6348,COMPLEJO EDUCACIONAL MARTIN KLEINKNECHT,9118,TOLTEN,0,1,610,127,119,0,246,8,0
2018,6348,COMPLEJO EDUCACIONAL MARTIN KLEINKNECHT,9118,TOLTEN,0,1,310,80,55,0,135,4,0
2018,6348,COMPLEJO EDUCACIONAL MARTIN KLEINKNECHT,9118,TOLTEN,0,1,363,7,23,0,30,2,0
2018,6348,COMPLEJO EDUCACIONAL MARTIN KLEINKNECHT,9118,TOLTEN,0,1,610,122,110,0,232,8,0
2019,6348,COMPLEJO EDUCACIONAL MARTIN KLEINKNECHT,9118,TOLTEN,0,1,310,65,53,0,118,4,0
2019,6348,COMPLEJO EDUCACIONAL MARTIN KLEINKNECHT,9118,TOLTEN,0,1,363,24,45,0,69,2,0
2019,6348,COMPLEJO EDUCACIONAL MARTIN KLEINKNECHT,9118,TOLTEN,0,1,610,116,106,0,222,8,0
2020,6348,COMPLEJO EDUCACIONAL MARTIN KLEINKNECHT,9118,TOLTEN,0,1,310,65,51,0,116,4,0
2020,6348,COMPLEJO EDUCACIONAL MARTIN KLEINKNECHT,9118,TOLTEN,0,1,363,9,19,0,28,1,0
2020,6348,COMPLEJO EDUCACIONAL MARTIN KLEINKNECHT,9118,TOLTEN,0,1,610,109,102,0,211,8,0
2021,6348,COMPLEJO EDUCACIONAL MARTIN KLEINKNECHT,9118,TOLTEN,0,1,310,69,66,0,135,,
2021,6348,COMPLEJO EDUCACIONAL MARTIN KLEINKNECHT,9118,TOLTEN,0,1,610,112,104,0,216,,
2022,6348,COMPLEJO EDUCACIONAL MARTIN KLEINKNECHT,9118,TOLTEN,0,1,310,,,,138,,
2022,6348,COMPLEJO EDUCACIONAL MARTIN KLEINKNECHT,9118,TOLTEN,0,1,610,,,,235,,
2016,6349,ESCUELA AGUAS Y GAVIOTAS,9118,TOLTEN,0,1,10,18,22,0,40,2,0
2016,6349,ESCUELA AGUAS Y GAVIOTAS,9118,TOLTEN,0,1,110,127,138,0,265,10,0
2017,6349,ESCUELA AGUAS Y GAVIOTAS,9118,TOLTEN,0,1,10,18,24,0,42,2,0
2017,6349,ESCUELA AGUAS Y GAVIOTAS,9118,TOLTEN,0,1,110,130,143,0,273,11,0
2018,6349,ESCUELA AGUAS Y GAVIOTAS,9118,TOLTEN,0,1,10,23,18,0,41,2,0
2018,6349,ESCUELA AGUAS Y GAVIOTAS,9118,TOLTEN,0,1,110,141,143,0,284,11,0
2019,6349,ESCUELA AGUAS Y GAVIOTAS,9118,TOLTEN,0,1,10,18,21,0,39,2,0
2019,6349,ESCUELA AGUAS Y GAVIOTAS,9118,TOLTEN,0,1,110,132,146,0,278,10,0
2020,6349,ESCUELA AGUAS Y GAVIOTAS,9118,TOLTEN,0,1,10,22,25,0,47,2,0
2020,6349,ESCUELA AGUAS Y GAVIOTAS,9118,TOLTEN,0,1,110,123,126,0,249,10,0
2021,6349,ESCUELA AGUAS Y GAVIOTAS,9118,TOLTEN,0,1,10,19,14,0,33,,
2021,6349,ESCUELA AGUAS Y GAVIOTAS,9118,TOLTEN,0,1,110,122,116,0,238,,
2022,6349,ESCUELA AGUAS Y GAVIOTAS,9118,TOLTEN,0,1,10,,,,32,,
2022,6349,ESCUELA AGUAS Y GAVIOTAS,9118,TOLTEN,0,1,110,,,,252,,
2016,6350,ESCUELA RAYEN LAFQUEN QUEULE,9118,TOLTEN,0,1,10,29,21,0,50,2,0
2016,6350,ESCUELA RAYEN LAFQUEN QUEULE,9118,TOLTEN,0,1,110,91,82,0,173,8,0
2017,6350,ESCUELA RAYEN LAFQUEN QUEULE,9118,TOLTEN,0,1,10,17,19,0,36,2,0
2017,6350,ESCUELA RAYEN LAFQUEN QUEULE,9118,TOLTEN,0,1,110,86,76,0,162,8,0
2018,6350,ESCUELA RAYEN LAFQUEN QUEULE,9118,TOLTEN,0,1,10,14,14,0,28,2,0
2018,6350,ESCUELA RAYEN LAFQUEN QUEULE,9118,TOLTEN,0,1,110,96,83,0,179,8,0
2019,6350,ESCUELA RAYEN LAFQUEN QUEULE,9118,TOLTEN,0,1,10,21,13,0,34,2,0
2019,6350,ESCUELA RAYEN LAFQUEN QUEULE,9118,TOLTEN,0,1,110,89,80,0,169,8,0
2020,6350,ESCUELA RAYEN LAFQUEN QUEULE,9118,TOLTEN,0,1,10,19,15,0,34,2,0
2020,6350,ESCUELA RAYEN LAFQUEN QUEULE,9118,TOLTEN,0,1,110,83,70,0,153,8,0
2021,6350,ESCUELA RAYEN LAFQUEN QUEULE,9118,TOLTEN,0,1,10,11,14,0,25,,
2021,6350,ESCUELA RAYEN LAFQUEN QUEULE,9118,TOLTEN,0,1,110,86,68,0,154,,
2022,6350,ESCUELA RAYEN LAFQUEN QUEULE,9118,TOLTEN,0,1,10,,,,20,,
2022,6350,ESCUELA RAYEN LAFQUEN QUEULE,9118,TOLTEN,0,1,110,,,,165,,
2016,6351,ESCUELA EL SEMBRADOR,9118,TOLTEN,1,1,10,16,19,0,35,2,0
2016,6351,ESCUELA EL SEMBRADOR,9118,TOLTEN,1,1,110,33,51,0,84,8,0
2017,6351,ESCUELA EL SEMBRADOR,9118,TOLTEN,1,1,10,16,12,0,28,2,0
2017,6351,ESCUELA EL SEMBRADOR,9118,TOLTEN,1,1,110,37,63,0,100,8,0
2018,6351,ESCUELA EL SEMBRADOR,9118,TOLTEN,1,1,10,11,12,0,23,2,0
2018,6351,ESCUELA EL SEMBRADOR,9118,TOLTEN,1,1,110,43,59,0,102,8,0
2019,6351,ESCUELA EL SEMBRADOR,9118,TOLTEN,1,1,10,11,13,0,24,2,0
2019,6351,ESCUELA EL SEMBRADOR,9118,TOLTEN,1,1,110,50,56,0,106,8,0
2020,6351,ESCUELA EL SEMBRADOR,9118,TOLTEN,1,1,10,13,14,0,27,2,0
2020,6351,ESCUELA EL SEMBRADOR,9118,TOLTEN,1,1,110,40,58,0,98,8,0
2021,6351,ESCUELA EL SEMBRADOR,9118,TOLTEN,1,1,10,18,17,0,35,,
2021,6351,ESCUELA EL SEMBRADOR,9118,TOLTEN,1,1,110,48,55,0,103,,
2022,6351,ESCUELA EL SEMBRADOR,9118,TOLTEN,1,1,10,,,,29,,
2022,6351,ESCUELA EL SEMBRADOR,9118,TOLTEN,1,1,110,,,,118,,
2016,6352,ESCUELA AMANECER DE VILLA LOS BOLDOS,9118,TOLTEN,0,1,10,15,9,0,24,0,1
2016,6352,ESCUELA AMANECER DE VILLA LOS BOLDOS,9118,TOLTEN,0,1,110,57,40,0,97,4,2
2017,6352,ESCUELA AMANECER DE VILLA LOS BOLDOS,9118,TOLTEN,0,1,10,20,9,0,29,,1
2017,6352,ESCUELA AMANECER DE VILLA LOS BOLDOS,9118,TOLTEN,0,1,110,54,37,0,91,8,0
2018,6352,ESCUELA AMANECER DE VILLA LOS BOLDOS,9118,TOLTEN,0,1,10,24,9,0,33,,1
2018,6352,ESCUELA AMANECER DE VILLA LOS BOLDOS,9118,TOLTEN,0,1,110,57,42,0,99,8,0
2019,6352,ESCUELA AMANECER DE VILLA LOS BOLDOS,9118,TOLTEN,0,1,10,10,11,0,21,,1
2019,6352,ESCUELA AMANECER DE VILLA LOS BOLDOS,9118,TOLTEN,0,1,110,60,44,0,104,8,0
2020,6352,ESCUELA AMANECER DE VILLA LOS BOLDOS,9118,TOLTEN,0,1,10,5,11,0,16,,1
2020,6352,ESCUELA AMANECER DE VILLA LOS BOLDOS,9118,TOLTEN,0,1,110,57,39,0,96,8,0
2021,6352,ESCUELA AMANECER DE VILLA LOS BOLDOS,9118,TOLTEN,0,1,10,9,6,0,15,,
2021,6352,ESCUELA AMANECER DE VILLA LOS BOLDOS,9118,TOLTEN,0,1,110,56,42,0,98,,
2022,6352,ESCUELA AMANECER DE VILLA LOS BOLDOS,9118,TOLTEN,0,1,10,,,,15,,
2022,6352,ESCUELA AMANECER DE VILLA LOS BOLDOS,9118,TOLTEN,0,1,110,,,,90,,
2016,6353,ESCUELA SAN PEDRO,9118,TOLTEN,1,1,110,3,7,0,10,1,1
2017,6353,ESCUELA SAN PEDRO,9118,TOLTEN,1,1,110,3,7,0,10,1,1
2018,6353,ESCUELA SAN PEDRO,9118,TOLTEN,1,1,110,2,5,0,7,,1
2019,6353,ESCUELA SAN PEDRO,9118,TOLTEN,1,1,110,2,4,0,6,2,1
2020,6353,ESCUELA SAN PEDRO,9118,TOLTEN,1,1,110,2,7,0,9,1,1
2021,6353,ESCUELA SAN PEDRO,9118,TOLTEN,1,1,110,2,7,0,9,,
2022,6353,ESCUELA SAN PEDRO,9118,TOLTEN,1,1,110,,,,8,,
2016,6354,ESCUELA LA CASCADA,9118,TOLTEN,1,1,110,1,1,0,2,1,1
2017,6354,ESCUELA LA CASCADA,9118,TOLTEN,1,1,110,1,2,0,3,,1
2018,6354,ESCUELA LA CASCADA,9118,TOLTEN,1,1,110,1,0,0,1,1,0
2019,6354,ESCUELA LA CASCADA,9118,TOLTEN,1,1,110,0,1,0,1,,1
2020,6354,ESCUELA LA CASCADA,9118,TOLTEN,1,1,110,0,2,0,2,,1
2021,6354,ESCUELA LA CASCADA,9118,TOLTEN,1,1,110,1,3,0,4,,
2022,6354,ESCUELA LA CASCADA,9118,TOLTEN,1,1,110,,,,1,,
2016,6356,ESCUELA FILULAFQUEN,9117,TEODORO SCHMIDT,1,1,110,3,2,0,5,0,1
2017,6356,ESCUELA FILULAFQUEN,9117,TEODORO SCHMIDT,1,2,0,,,,0,,
2018,6356,ESCUELA FILULAFQUEN,9117,TEODORO SCHMIDT,1,2,0,,,,0,,
2019,6356,ESCUELA FILULAFQUEN,9117,TEODORO SCHMIDT,1,2,0,,,,0,,
2020,6356,ESCUELA FILULAFQUEN,9117,TEODORO SCHMIDT,1,2,0,,,,0,,
2016,6357,ESCUELA SAN CARLOS,9118,TOLTEN,1,3,,0,0,0,0,0,0
2017,6357,ESCUELA SAN CARLOS,9118,TOLTEN,1,3,0,,,,0,,
2020,6357,ESCUELA SAN CARLOS,9118,TOLTEN,1,3,0,,,,0,,
2016,6358,ESCUELA BASICA ESTACION TOLTEN,9117,TEODORO SCHMIDT,1,1,110,4,7,0,11,1,1
2017,6358,ESCUELA BASICA ESTACION TOLTEN,9117,TEODORO SCHMIDT,1,1,110,4,3,0,7,1,1
2018,6358,ESCUELA BASICA ESTACION TOLTEN,9117,TEODORO SCHMIDT,1,1,110,5,4,0,9,,1
2019,6358,ESCUELA BASICA ESTACION TOLTEN,9117,TEODORO SCHMIDT,1,1,110,6,2,0,8,,1
2020,6358,ESCUELA BASICA ESTACION TOLTEN,9117,TEODORO SCHMIDT,1,1,110,7,2,0,9,,1
2021,6358,ESCUELA BASICA ESTACION TOLTEN,9117,TEODORO SCHMIDT,1,1,110,8,5,0,13,,
2022,6358,ESCUELA BASICA ESTACION TOLTEN,9117,TEODORO SCHMIDT,1,1,110,,,,10,,
2016,6359,ESCUELA RIO BUENO,9118,TOLTEN,1,3,,0,0,0,0,0,0
2017,6359,ESCUELA RIO BUENO,9118,TOLTEN,1,3,0,,,,0,,
2020,6359,ESCUELA RIO BUENO,9118,TOLTEN,1,3,0,,,,0,,
2016,6360,ESCUELA LAS DELICIAS,9118,TOLTEN,1,3,,0,0,0,0,0,0
2017,6360,ESCUELA LAS DELICIAS,9118,TOLTEN,1,3,0,,,,0,,
2020,6360,ESCUELA LAS DELICIAS,9118,TOLTEN,1,3,0,,,,0,,
2016,6361,ESCUELA DE CAYCHAYEN,9117,TEODORO SCHMIDT,1,1,110,1,3,0,4,0,1
2017,6361,ESCUELA DE CAYCHAYEN,9117,TEODORO SCHMIDT,1,1,110,2,0,0,2,,1
2018,6361,ESCUELA DE CAYCHAYEN,9117,TEODORO SCHMIDT,1,1,110,2,0,0,2,,1
2019,6361,ESCUELA DE CAYCHAYEN,9117,TEODORO SCHMIDT,1,1,110,2,0,0,2,,1
2020,6361,ESCUELA DE CAYCHAYEN,9117,TEODORO SCHMIDT,1,1,110,3,0,0,3,,1
2021,6361,ESCUELA DE CAYCHAYEN,9117,TEODORO SCHMIDT,1,1,110,2,0,0,2,,
2022,6361,ESCUELA DE CAYCHAYEN,9117,TEODORO SCHMIDT,1,1,110,,,,5,,
2016,6362,ESCUELA BASICA EUSEBIO LILLO,9118,TOLTEN,0,3,,0,0,0,0,0,0
2017,6362,ESCUELA BASICA EUSEBIO LILLO,9118,TOLTEN,0,3,0,,,,0,,
2020,6362,ESCUELA BASICA EUSEBIO LILLO,9118,TOLTEN,0,3,0,,,,0,,
2016,6363,ESCUELA PUCHILCO,9118,TOLTEN,1,1,110,1,3,0,4,2,1
2017,6363,ESCUELA PUCHILCO,9118,TOLTEN,1,1,110,2,3,0,5,3,0
2018,6363,ESCUELA PUCHILCO,9118,TOLTEN,1,1,110,0,2,0,2,2,0
2019,6363,ESCUELA PUCHILCO,9118,TOLTEN,1,1,110,0,3,0,3,,1
2020,6363,ESCUELA PUCHILCO,9118,TOLTEN,1,1,110,0,3,0,3,,1
2021,6363,ESCUELA PUCHILCO,9118,TOLTEN,1,1,110,0,3,0,3,,
2022,6363,ESCUELA PUCHILCO,9118,TOLTEN,1,1,110,,,,2,,
2016,6364,ESCUELA LA VERTIENTE,9118,TOLTEN,1,3,,0,0,0,0,0,0
2017,6364,ESCUELA LA VERTIENTE,9118,TOLTEN,1,3,0,,,,0,,
2020,6364,ESCUELA LA VERTIENTE,9118,TOLTEN,1,3,0,,,,0,,
2016,6365,ESCUELA BASICA NEWEN MAPU,9118,TOLTEN,1,3,,0,0,0,0,0,0
2017,6365,ESCUELA BASICA NEWEN MAPU,9118,TOLTEN,1,3,0,,,,0,,
2020,6365,ESCUELA BASICA NEWEN MAPU,9118,TOLTEN,1,3,0,,,,0,,
2016,6366,ESCUELA SAN JOSE,9118,TOLTEN,1,3,,0,0,0,0,0,0
2017,6366,ESCUELA SAN JOSE,9118,TOLTEN,1,3,0,,,,0,,
2020,6366,ESCUELA SAN JOSE,9118,TOLTEN,1,3,0,,,,0,,
2016,6367,ESCUELA LA COLONIA,9118,TOLTEN,1,3,,0,0,0,0,0,0
2017,6367,ESCUELA LA COLONIA,9118,TOLTEN,1,3,0,,,,0,,
2020,6367,ESCUELA LA COLONIA,9118,TOLTEN,1,3,0,,,,0,,
2016,6368,ESCUELA LAS LOICAS,9118,TOLTEN,1,3,,0,0,0,0,0,0
2017,6368,ESCUELA LAS LOICAS,9118,TOLTEN,1,3,0,,,,0,,
2020,6368,ESCUELA LAS LOICAS,9118,TOLTEN,1,3,0,,,,0,,
2016,6370,ESCUELA LA CONCEPCION,9118,TOLTEN,1,1,110,2,1,0,3,0,1
2017,6370,ESCUELA LA CONCEPCION,9118,TOLTEN,1,1,110,3,1,0,4,,1
2018,6370,ESCUELA LA CONCEPCION,9118,TOLTEN,1,1,110,1,0,0,1,1,0
2019,6370,ESCUELA LA CONCEPCION,9118,TOLTEN,1,1,110,1,0,0,1,1,0
2020,6370,ESCUELA LA CONCEPCION,9118,TOLTEN,1,1,110,1,1,0,2,1,1
2021,6370,ESCUELA LA CONCEPCION,9118,TOLTEN,1,1,110,1,1,0,2,,
2022,6370,ESCUELA LA CONCEPCION,9118,TOLTEN,1,1,110,,,,2,,
2016,6371,ESCUELA ANTU-LAFQUEN,9118,TOLTEN,1,1,110,6,4,0,10,0,1
2017,6371,ESCUELA ANTU-LAFQUEN,9118,TOLTEN,1,1,110,4,4,0,8,,1
2018,6371,ESCUELA ANTU-LAFQUEN,9118,TOLTEN,1,1,110,4,2,0,6,,1
2019,6371,ESCUELA ANTU-LAFQUEN,9118,TOLTEN,1,1,110,5,5,0,10,,1
2020,6371,ESCUELA ANTU-LAFQUEN,9118,TOLTEN,1,1,110,10,8,0,18,,1
2021,6371,ESCUELA ANTU-LAFQUEN,9118,TOLTEN,1,1,110,12,6,0,18,,
2022,6371,ESCUELA ANTU-LAFQUEN,9118,TOLTEN,1,1,110,,,,18,,
2016,6373,ESCUELA PORMA,9117,TEODORO SCHMIDT,1,1,110,12,9,0,21,0,2
2017,6373,ESCUELA PORMA,9117,TEODORO SCHMIDT,1,1,110,13,7,0,20,,2
2018,6373,ESCUELA PORMA,9117,TEODORO SCHMIDT,1,1,10,2,3,0,5,2,0
2018,6373,ESCUELA PORMA,9117,TEODORO SCHMIDT,1,1,110,13,6,0,19,,2
2019,6373,ESCUELA PORMA,9117,TEODORO SCHMIDT,1,1,10,1,7,0,8,2,0
2019,6373,ESCUELA PORMA,9117,TEODORO SCHMIDT,1,1,110,11,7,0,18,,2
2020,6373,ESCUELA PORMA,9117,TEODORO SCHMIDT,1,1,10,4,6,0,10,2,0
2020,6373,ESCUELA PORMA,9117,TEODORO SCHMIDT,1,1,110,12,8,0,20,,2
2021,6373,ESCUELA PORMA,9117,TEODORO SCHMIDT,1,1,10,4,9,0,13,,
2021,6373,ESCUELA PORMA,9117,TEODORO SCHMIDT,1,1,110,12,10,0,22,,
2022,6373,ESCUELA PORMA,9117,TEODORO SCHMIDT,1,1,10,,,,8,,
2022,6373,ESCUELA PORMA,9117,TEODORO SCHMIDT,1,1,110,,,,19,,
2016,6374,ESCUELA BASICA RURAL FLOR DEL VALLE,9118,TOLTEN,1,1,110,2,2,0,4,0,1
2017,6374,ESCUELA BASICA RURAL FLOR DEL VALLE,9118,TOLTEN,1,1,110,1,2,0,3,2,0
2018,6374,ESCUELA BASICA RURAL FLOR DEL VALLE,9118,TOLTEN,1,1,110,2,2,0,4,,1
2019,6374,ESCUELA BASICA RURAL FLOR DEL VALLE,9118,TOLTEN,1,1,110,2,4,0,6,,1
2020,6374,ESCUELA BASICA RURAL FLOR DEL VALLE,9118,TOLTEN,1,1,110,2,2,0,4,,1
2021,6374,ESCUELA BASICA RURAL FLOR DEL VALLE,9118,TOLTEN,1,1,110,2,2,0,4,,
2022,6374,ESCUELA BASICA RURAL FLOR DEL VALLE,9118,TOLTEN,1,1,110,,,,2,,
2016,6375,ESCUELA FOLO-MAPU,9118,TOLTEN,1,3,,0,0,0,0,0,0
2017,6375,ESCUELA FOLO-MAPU,9118,TOLTEN,1,3,0,,,,0,,
2020,6375,ESCUELA FOLO-MAPU,9118,TOLTEN,1,3,0,,,,0,,
2016,6377,ESCUELA DE CAMAGUEY,9118,TOLTEN,1,1,110,5,4,0,9,5,0
2017,6377,ESCUELA DE CAMAGUEY,9118,TOLTEN,1,1,110,4,2,0,6,,1
2018,6377,ESCUELA DE CAMAGUEY,9118,TOLTEN,1,1,110,3,2,0,5,,1
2019,6377,ESCUELA DE CAMAGUEY,9118,TOLTEN,1,1,110,2,4,0,6,,1
2020,6377,ESCUELA DE CAMAGUEY,9118,TOLTEN,1,1,110,6,1,0,7,,1
2021,6377,ESCUELA DE CAMAGUEY,9118,TOLTEN,1,1,110,4,3,0,7,,
2022,6377,ESCUELA DE CAMAGUEY,9118,TOLTEN,1,1,110,,,,6,,
2016,6378,ESCUELA BOROA NORTE,9118,TOLTEN,1,3,,0,0,0,0,0,0
2017,6378,ESCUELA BOROA NORTE,9118,TOLTEN,1,3,0,,,,0,,
2018,6378,ESCUELA BOROA NORTE,9118,TOLTEN,1,3,0,,,,0,,
2019,6378,ESCUELA BOROA NORTE,9118,TOLTEN,1,3,0,,,,0,,
2020,6378,ESCUELA BOROA NORTE,9118,TOLTEN,1,3,0,,,,0,,
2016,6397,LICEO MUNICIPAL BARROS ARANA,9117,TEODORO SCHMIDT,0,1,10,10,14,0,24,0,1
2016,6397,LICEO MUNICIPAL BARROS ARANA,9117,TEODORO SCHMIDT,0,1,110,43,39,0,82,8,0
2016,6397,LICEO MUNICIPAL BARROS ARANA,9117,TEODORO SCHMIDT,0,1,310,21,20,0,41,2,0
2016,6397,LICEO MUNICIPAL BARROS ARANA,9117,TEODORO SCHMIDT,0,1,363,10,6,0,16,1,0
2016,6397,LICEO MUNICIPAL BARROS ARANA,9117,TEODORO SCHMIDT,0,1,610,8,19,0,27,2,0
2017,6397,LICEO MUNICIPAL BARROS ARANA,9117,TEODORO SCHMIDT,0,1,10,14,11,0,25,,1
2017,6397,LICEO MUNICIPAL BARROS ARANA,9117,TEODORO SCHMIDT,0,1,110,42,46,0,88,8,0
2017,6397,LICEO MUNICIPAL BARROS ARANA,9117,TEODORO SCHMIDT,0,1,310,24,21,0,45,2,
2017,6397,LICEO MUNICIPAL BARROS ARANA,9117,TEODORO SCHMIDT,0,1,610,10,16,0,26,2,
2018,6397,LICEO MUNICIPAL BARROS ARANA,9117,TEODORO SCHMIDT,0,1,10,15,12,0,27,,1
2018,6397,LICEO MUNICIPAL BARROS ARANA,9117,TEODORO SCHMIDT,0,1,110,49,48,0,97,8,0
2018,6397,LICEO MUNICIPAL BARROS ARANA,9117,TEODORO SCHMIDT,0,1,310,22,17,0,39,2,
2018,6397,LICEO MUNICIPAL BARROS ARANA,9117,TEODORO SCHMIDT,0,1,610,11,16,0,27,2,
2019,6397,LICEO MUNICIPAL BARROS ARANA,9117,TEODORO SCHMIDT,0,1,10,13,15,0,28,,1
2019,6397,LICEO MUNICIPAL BARROS ARANA,9117,TEODORO SCHMIDT,0,1,110,64,52,0,116,8,0
2019,6397,LICEO MUNICIPAL BARROS ARANA,9117,TEODORO SCHMIDT,0,1,310,23,16,0,39,2,
2019,6397,LICEO MUNICIPAL BARROS ARANA,9117,TEODORO SCHMIDT,0,1,610,5,17,0,22,2,
2020,6397,LICEO MUNICIPAL BARROS ARANA,9117,TEODORO SCHMIDT,0,1,10,14,15,0,29,,1
2020,6397,LICEO MUNICIPAL BARROS ARANA,9117,TEODORO SCHMIDT,0,1,110,55,49,0,104,8,0
2020,6397,LICEO MUNICIPAL BARROS ARANA,9117,TEODORO SCHMIDT,0,1,310,16,21,0,37,2,
2020,6397,LICEO MUNICIPAL BARROS ARANA,9117,TEODORO SCHMIDT,0,1,610,12,15,0,27,2,
2021,6397,LICEO MUNICIPAL BARROS ARANA,9117,TEODORO SCHMIDT,0,1,10,13,10,0,23,,
2021,6397,LICEO MUNICIPAL BARROS ARANA,9117,TEODORO SCHMIDT,0,1,110,54,52,0,106,,
2021,6397,LICEO MUNICIPAL BARROS ARANA,9117,TEODORO SCHMIDT,0,1,310,15,26,0,41,,
2021,6397,LICEO MUNICIPAL BARROS ARANA,9117,TEODORO SCHMIDT,0,1,610,15,19,0,34,,
2022,6397,LICEO MUNICIPAL BARROS ARANA,9117,TEODORO SCHMIDT,0,1,10,,,,26,,
2022,6397,LICEO MUNICIPAL BARROS ARANA,9117,TEODORO SCHMIDT,0,1,110,,,,134,,
2022,6397,LICEO MUNICIPAL BARROS ARANA,9117,TEODORO SCHMIDT,0,1,310,,,,59,,
2022,6397,LICEO MUNICIPAL BARROS ARANA,9117,TEODORO SCHMIDT,0,1,610,,,,35,,
2016,6398,ESCUELA NUEVA ALBORADA,9117,TEODORO SCHMIDT,0,1,10,33,38,0,71,2,0
2016,6398,ESCUELA NUEVA ALBORADA,9117,TEODORO SCHMIDT,0,1,110,117,106,0,223,8,0
2017,6398,ESCUELA NUEVA ALBORADA,9117,TEODORO SCHMIDT,0,1,10,26,36,0,62,2,0
2017,6398,ESCUELA NUEVA ALBORADA,9117,TEODORO SCHMIDT,0,1,110,140,138,0,278,8,0
2017,6398,ESCUELA NUEVA ALBORADA,9117,TEODORO SCHMIDT,0,1,310,23,18,0,41,1,
2018,6398,COMPLEJO EDUCACIONAL NUEVA ALBORADA,9117,TEODORO SCHMIDT,0,1,10,21,38,0,59,2,0
2018,6398,COMPLEJO EDUCACIONAL NUEVA ALBORADA,9117,TEODORO SCHMIDT,0,1,110,137,143,0,280,8,0
2018,6398,COMPLEJO EDUCACIONAL NUEVA ALBORADA,9117,TEODORO SCHMIDT,0,1,310,34,36,0,70,2,
2019,6398,COMPLEJO EDUCACIONAL NUEVA ALBORADA,9117,TEODORO SCHMIDT,0,1,10,22,38,0,60,2,0
2019,6398,COMPLEJO EDUCACIONAL NUEVA ALBORADA,9117,TEODORO SCHMIDT,0,1,110,122,143,0,265,8,0
2019,6398,COMPLEJO EDUCACIONAL NUEVA ALBORADA,9117,TEODORO SCHMIDT,0,1,310,51,52,0,103,3,
2020,6398,COMPLEJO EDUCACIONAL NUEVA ALBORADA,9117,TEODORO SCHMIDT,0,1,10,31,30,0,61,2,0
2020,6398,COMPLEJO EDUCACIONAL NUEVA ALBORADA,9117,TEODORO SCHMIDT,0,1,110,129,138,0,267,8,0
2020,6398,COMPLEJO EDUCACIONAL NUEVA ALBORADA,9117,TEODORO SCHMIDT,0,1,310,76,64,0,140,4,
2021,6398,COMPLEJO EDUCACIONAL NUEVA ALBORADA,9117,TEODORO SCHMIDT,0,1,10,26,34,0,60,,
2021,6398,COMPLEJO EDUCACIONAL NUEVA ALBORADA,9117,TEODORO SCHMIDT,0,1,110,137,143,0,280,,
2021,6398,COMPLEJO EDUCACIONAL NUEVA ALBORADA,9117,TEODORO SCHMIDT,0,1,310,77,66,0,143,,
2022,6398,COMPLEJO EDUCACIONAL NUEVA ALBORADA,9117,TEODORO SCHMIDT,0,1,10,,,,60,,
2022,6398,COMPLEJO EDUCACIONAL NUEVA ALBORADA,9117,TEODORO SCHMIDT,0,1,110,,,,283,,
2022,6398,COMPLEJO EDUCACIONAL NUEVA ALBORADA,9117,TEODORO SCHMIDT,0,1,310,,,,132,,
2016,6399,ESCUELA HORIZONTES,9117,TEODORO SCHMIDT,0,1,10,27,31,0,58,2,0
2016,6399,ESCUELA HORIZONTES,9117,TEODORO SCHMIDT,0,1,110,98,95,0,193,9,0
2017,6399,ESCUELA HORIZONTES,9117,TEODORO SCHMIDT,0,1,10,30,27,0,57,2,0
2017,6399,ESCUELA HORIZONTES,9117,TEODORO SCHMIDT,0,1,110,90,102,0,192,8,0
2018,6399,ESCUELA HORIZONTES,9117,TEODORO SCHMIDT,0,1,10,30,27,0,57,2,0
2018,6399,ESCUELA HORIZONTES,9117,TEODORO SCHMIDT,0,1,110,82,99,0,181,8,0
2019,6399,ESCUELA HORIZONTES,9117,TEODORO SCHMIDT,0,1,10,28,29,0,57,2,0
2019,6399,ESCUELA HORIZONTES,9117,TEODORO SCHMIDT,0,1,110,89,91,0,180,8,0
2020,6399,ESCUELA HORIZONTES,9117,TEODORO SCHMIDT,0,1,10,22,27,0,49,2,0
2020,6399,ESCUELA HORIZONTES,9117,TEODORO SCHMIDT,0,1,110,80,80,0,160,8,0
2021,6399,ESCUELA HORIZONTES,9117,TEODORO SCHMIDT,0,1,10,21,18,0,39,,
2021,6399,ESCUELA HORIZONTES,9117,TEODORO SCHMIDT,0,1,110,77,89,0,166,,
2022,6399,ESCUELA HORIZONTES,9117,TEODORO SCHMIDT,0,1,10,,,,51,,
2022,6399,ESCUELA HORIZONTES,9117,TEODORO SCHMIDT,0,1,110,,,,167,,
2016,6400,ESCUELA ISLA LLICAN,9117,TEODORO SCHMIDT,1,1,110,1,2,0,3,2,0
2017,6400,ESCUELA ISLA LLICAN,9117,TEODORO SCHMIDT,1,1,110,1,2,0,3,2,0
2018,6400,ESCUELA ISLA LLICAN,9117,TEODORO SCHMIDT,1,1,110,1,2,0,3,2,0
2019,6400,ESCUELA ISLA LLICAN,9117,TEODORO SCHMIDT,1,1,110,0,2,0,2,,1
2020,6400,ESCUELA ISLA LLICAN,9117,TEODORO SCHMIDT,1,1,110,3,2,0,5,,1
2021,6400,ESCUELA ISLA LLICAN,9117,TEODORO SCHMIDT,1,1,110,5,4,0,9,,
2022,6400,ESCUELA ISLA LLICAN,9117,TEODORO SCHMIDT,1,1,110,,,,10,,
2016,6401,ESCUELA LUMAHUE,9117,TEODORO SCHMIDT,1,3,,0,0,0,0,0,0
2017,6401,ESCUELA LUMAHUE,9117,TEODORO SCHMIDT,1,3,0,,,,0,,
2020,6401,ESCUELA LUMAHUE,9117,TEODORO SCHMIDT,1,3,0,,,,0,,
2016,6402,ESCUELA PULIL,9117,TEODORO SCHMIDT,1,3,,0,0,0,0,0,0
2017,6402,ESCUELA PULIL,9117,TEODORO SCHMIDT,1,3,0,,,,0,,
2020,6402,ESCUELA PULIL,9117,TEODORO SCHMIDT,1,3,0,,,,0,,
2016,6403,ESCUELA DE NEICUF,9117,TEODORO SCHMIDT,1,2,,0,0,0,0,0,0
2017,6403,ESCUELA DE NEICUF,9117,TEODORO SCHMIDT,1,2,0,,,,0,,
2018,6403,ESCUELA DE NEICUF,9117,TEODORO SCHMIDT,1,2,0,,,,0,,
2019,6403,ESCUELA DE NEICUF,9117,TEODORO SCHMIDT,1,2,0,,,,0,,
2020,6403,ESCUELA DE NEICUF,9117,TEODORO SCHMIDT,1,2,0,,,,0,,
2016,6404,ESCUELA MOLONHUE,9117,TEODORO SCHMIDT,1,2,,0,0,0,0,0,0
2017,6404,ESCUELA MOLONHUE,9117,TEODORO SCHMIDT,1,3,0,,,,0,,
2018,6404,ESCUELA MOLONHUE,9117,TEODORO SCHMIDT,1,3,0,,,,0,,
2019,6404,ESCUELA MOLONHUE,9117,TEODORO SCHMIDT,1,3,0,,,,0,,
2020,6404,ESCUELA MOLONHUE,9117,TEODORO SCHMIDT,1,3,0,,,,0,,
2016,6406,ESCUELA LLOLLINCO,9117,TEODORO SCHMIDT,1,3,,0,0,0,0,0,0
2017,6406,ESCUELA LLOLLINCO,9117,TEODORO SCHMIDT,1,3,0,,,,0,,
2020,6406,ESCUELA LLOLLINCO,9117,TEODORO SCHMIDT,1,3,0,,,,0,,
2016,6407,ESCUELA NOHUALHUE,9117,TEODORO SCHMIDT,1,1,110,3,4,0,7,0,1
2017,6407,ESCUELA NOHUALHUE,9117,TEODORO SCHMIDT,1,1,110,2,3,0,5,,1
2018,6407,ESCUELA NOHUALHUE,9117,TEODORO SCHMIDT,1,1,110,3,4,0,7,1,1
2019,6407,ESCUELA NOHUALHUE,9117,TEODORO SCHMIDT,1,1,110,4,3,0,7,1,1
2020,6407,ESCUELA NOHUALHUE,9117,TEODORO SCHMIDT,1,1,110,5,4,0,9,1,1
2021,6407,ESCUELA NOHUALHUE,9117,TEODORO SCHMIDT,1,1,110,3,4,0,7,,
2022,6407,ESCUELA NOHUALHUE,9117,TEODORO SCHMIDT,1,1,110,,,,4,,
2016,6408,ESCUELA COIHUE CERRADA /R/391/04/98,9117,TEODORO SCHMIDT,0,3,,0,0,0,0,0,0
2017,6408,ESCUELA COIHUE CERRADA /R/391/04/98,9117,TEODORO SCHMIDT,0,3,0,,,,0,,
2020,6408,ESCUELA COIHUE CERRADA /R/391/04/98,9117,TEODORO SCHMIDT,0,3,0,,,,0,,
2016,6409,ESCUELA PENEHUE,9117,TEODORO SCHMIDT,1,3,,0,0,0,0,0,0
2017,6409,ESCUELA PENEHUE,9117,TEODORO SCHMIDT,1,3,0,,,,0,,
2020,6409,ESCUELA PENEHUE,9117,TEODORO SCHMIDT,1,3,0,,,,0,,
2016,6410,ESCUELA MALALHUE,9117,TEODORO SCHMIDT,1,1,110,4,0,0,4,0,1
2017,6410,ESCUELA MALALHUE,9117,TEODORO SCHMIDT,1,1,110,1,0,0,1,,1
2018,6410,ESCUELA MALALHUE,9117,TEODORO SCHMIDT,1,1,110,6,3,0,9,,1
2019,6410,ESCUELA MALALHUE,9117,TEODORO SCHMIDT,1,1,110,7,2,0,9,,1
2020,6410,ESCUELA MALALHUE,9117,TEODORO SCHMIDT,1,1,110,4,2,0,6,,1
2021,6410,ESCUELA MALALHUE,9117,TEODORO SCHMIDT,1,1,110,3,1,0,4,,
2022,6410,ESCUELA MALALHUE,9117,TEODORO SCHMIDT,1,1,110,,,,7,,
2016,6411,ESCUELA PUYEHUE,9117,TEODORO SCHMIDT,1,1,110,6,8,0,14,0,1
2017,6411,ESCUELA PUYEHUE,9117,TEODORO SCHMIDT,1,1,110,5,11,0,16,,1
2018,6411,ESCUELA PUYEHUE,9117,TEODORO SCHMIDT,1,1,110,3,13,0,16,,1
2019,6411,ESCUELA PUYEHUE,9117,TEODORO SCHMIDT,1,1,110,6,10,0,16,,1
2020,6411,ESCUELA PUYEHUE,9117,TEODORO SCHMIDT,1,1,110,7,8,0,15,,1
2021,6411,ESCUELA PUYEHUE,9117,TEODORO SCHMIDT,1,1,110,8,10,0,18,,
2022,6411,ESCUELA PUYEHUE,9117,TEODORO SCHMIDT,1,1,110,,,,14,,
2016,6412,ESCUELA HUINCULLICAN,9117,TEODORO SCHMIDT,1,3,,0,0,0,0,0,0
2017,6412,ESCUELA HUINCULLICAN,9117,TEODORO SCHMIDT,1,3,0,,,,0,,
2020,6412,ESCUELA HUINCULLICAN,9117,TEODORO SCHMIDT,1,3,0,,,,0,,
2016,6413,ESCUELA DE RUCA-CURA,9117,TEODORO SCHMIDT,1,1,110,3,5,0,8,2,1
2017,6413,ESCUELA DE RUCA-CURA,9117,TEODORO SCHMIDT,1,1,110,5,5,0,10,2,1
2018,6413,ESCUELA DE RUCA-CURA,9117,TEODORO SCHMIDT,1,1,110,2,0,0,2,,1
2019,6413,ESCUELA DE RUCA-CURA,9117,TEODORO SCHMIDT,1,1,110,2,2,0,4,,1
2020,6413,ESCUELA DE RUCA-CURA,9117,TEODORO SCHMIDT,1,1,110,4,1,0,5,,1
2021,6413,ESCUELA DE RUCA-CURA,9117,TEODORO SCHMIDT,1,1,110,4,1,0,5,,
2022,6413,ESCUELA DE RUCA-CURA,9117,TEODORO SCHMIDT,1,1,110,,,,6,,
2016,6414,ESCUELA ALTO CHELLE,9117,TEODORO SCHMIDT,1,3,,0,0,0,0,0,0
2017,6414,ESCUELA ALTO CHELLE,9117,TEODORO SCHMIDT,1,3,0,,,,0,,
2020,6414,ESCUELA ALTO CHELLE,9117,TEODORO SCHMIDT,1,3,0,,,,0,,
2016,6415,ESCUELA LOS TRONCOS,9117,TEODORO SCHMIDT,1,1,110,3,7,0,10,0,1
2017,6415,ESCUELA LOS TRONCOS,9117,TEODORO SCHMIDT,1,1,110,2,7,0,9,1,1
2018,6415,ESCUELA LOS TRONCOS,9117,TEODORO SCHMIDT,1,1,110,2,4,0,6,,1
2019,6415,ESCUELA LOS TRONCOS,9117,TEODORO SCHMIDT,1,1,110,3,5,0,8,,1
2020,6415,ESCUELA LOS TRONCOS,9117,TEODORO SCHMIDT,1,1,110,3,5,0,8,,1
2021,6415,ESCUELA LOS TRONCOS,9117,TEODORO SCHMIDT,1,1,110,6,4,0,10,,
2022,6415,ESCUELA LOS TRONCOS,9117,TEODORO SCHMIDT,1,1,110,,,,11,,
2016,6416,ESCUELA EL BUDI,9117,TEODORO SCHMIDT,1,3,,0,0,0,0,0,0
2017,6416,ESCUELA EL BUDI,9117,TEODORO SCHMIDT,1,3,0,,,,0,,
2020,6416,ESCUELA EL BUDI,9117,TEODORO SCHMIDT,1,3,0,,,,0,,
2016,6417,ESCUELA MUNICIPAL LA MAPU,9117,TEODORO SCHMIDT,1,3,,0,0,0,0,0,0
2017,6417,ESCUELA MUNICIPAL LA MAPU,9117,TEODORO SCHMIDT,1,3,0,,,,0,,
2020,6417,ESCUELA MUNICIPAL LA MAPU,9117,TEODORO SCHMIDT,1,3,0,,,,0,,
2016,6452,LICEO REINO DE SUECIA,9116,SAAVEDRA,0,1,10,20,25,0,45,2,0
2016,6452,LICEO REINO DE SUECIA,9116,SAAVEDRA,0,1,110,84,92,0,176,8,0
2016,6452,LICEO REINO DE SUECIA,9116,SAAVEDRA,0,1,310,79,67,0,146,6,0
2016,6452,LICEO REINO DE SUECIA,9116,SAAVEDRA,0,1,610,14,19,0,33,2,0
2017,6452,LICEO REINO DE SUECIA,9116,SAAVEDRA,0,1,10,24,28,0,52,2,0
2017,6452,LICEO REINO DE SUECIA,9116,SAAVEDRA,0,1,110,79,101,0,180,8,0
2017,6452,LICEO REINO DE SUECIA,9116,SAAVEDRA,0,1,310,91,81,0,172,6,
2017,6452,LICEO REINO DE SUECIA,9116,SAAVEDRA,0,1,610,16,17,0,33,2,
2018,6452,LICEO REINO DE SUECIA,9116,SAAVEDRA,0,1,10,21,28,0,49,2,0
2018,6452,LICEO REINO DE SUECIA,9116,SAAVEDRA,0,1,110,87,107,0,194,8,0
2018,6452,LICEO REINO DE SUECIA,9116,SAAVEDRA,0,1,310,84,78,0,162,6,
2018,6452,LICEO REINO DE SUECIA,9116,SAAVEDRA,0,1,610,25,15,0,40,2,
2019,6452,LICEO REINO DE SUECIA,9116,SAAVEDRA,0,1,10,20,29,0,49,2,0
2019,6452,LICEO REINO DE SUECIA,9116,SAAVEDRA,0,1,110,90,97,0,187,8,0
2019,6452,LICEO REINO DE SUECIA,9116,SAAVEDRA,0,1,310,81,77,0,158,6,
2019,6452,LICEO REINO DE SUECIA,9116,SAAVEDRA,0,1,610,18,17,0,35,2,
2020,6452,LICEO REINO DE SUECIA,9116,SAAVEDRA,0,1,10,25,23,0,48,2,0
2020,6452,LICEO REINO DE SUECIA,9116,SAAVEDRA,0,1,110,92,97,0,189,8,0
2020,6452,LICEO REINO DE SUECIA,9116,SAAVEDRA,0,1,310,61,73,0,134,6,
2020,6452,LICEO REINO DE SUECIA,9116,SAAVEDRA,0,1,610,16,19,0,35,2,
2021,6452,LICEO REINO DE SUECIA,9116,SAAVEDRA,0,1,10,23,22,0,45,,
2021,6452,LICEO REINO DE SUECIA,9116,SAAVEDRA,0,1,110,92,93,0,185,,
2021,6452,LICEO REINO DE SUECIA,9116,SAAVEDRA,0,1,310,73,91,0,164,,
2021,6452,LICEO REINO DE SUECIA,9116,SAAVEDRA,0,1,610,24,26,0,50,,
2022,6452,LICEO REINO DE SUECIA,9116,SAAVEDRA,0,1,10,,,,50,,
2022,6452,LICEO REINO DE SUECIA,9116,SAAVEDRA,0,1,110,,,,209,,
2022,6452,LICEO REINO DE SUECIA,9116,SAAVEDRA,0,1,310,,,,194,,
2022,6452,LICEO REINO DE SUECIA,9116,SAAVEDRA,0,1,610,,,,48,,
2016,6454,ESCUELA BASICA COLLICO RANCO,9116,SAAVEDRA,1,1,10,8,12,0,20,0,1
2016,6454,ESCUELA BASICA COLLICO RANCO,9116,SAAVEDRA,1,1,110,21,16,0,37,0,3
2017,6454,ESCUELA BASICA COLLICO RANCO,9116,SAAVEDRA,1,1,10,8,12,0,20,,1
2017,6454,ESCUELA BASICA COLLICO RANCO,9116,SAAVEDRA,1,1,110,25,21,0,46,,3
2018,6454,ESCUELA BASICA COLLICO RANCO,9116,SAAVEDRA,1,1,10,3,5,0,8,,1
2018,6454,ESCUELA BASICA COLLICO RANCO,9116,SAAVEDRA,1,1,110,29,24,0,53,4,2
2019,6454,ESCUELA BASICA COLLICO RANCO,9116,SAAVEDRA,1,1,10,4,5,0,9,,1
2019,6454,ESCUELA BASICA COLLICO RANCO,9116,SAAVEDRA,1,1,110,30,28,0,58,4,2
2020,6454,ESCUELA BASICA COLLICO RANCO,9116,SAAVEDRA,1,1,10,3,8,0,11,,1
2020,6454,ESCUELA BASICA COLLICO RANCO,9116,SAAVEDRA,1,1,110,23,29,0,52,4,2
2021,6454,ESCUELA BASICA COLLICO RANCO,9116,SAAVEDRA,1,1,10,1,7,0,8,,
2021,6454,ESCUELA BASICA COLLICO RANCO,9116,SAAVEDRA,1,1,110,25,29,0,54,,
2022,6454,ESCUELA BASICA COLLICO RANCO,9116,SAAVEDRA,1,1,10,,,,20,,
2022,6454,ESCUELA BASICA COLLICO RANCO,9116,SAAVEDRA,1,1,110,,,,94,,
2016,6455,ESCUELA BASICA BARTOLO LLANCALEO,9116,SAAVEDRA,1,1,10,5,2,0,7,0,1
2016,6455,ESCUELA BASICA BARTOLO LLANCALEO,9116,SAAVEDRA,1,1,110,15,20,0,35,0,3
2017,6455,ESCUELA BASICA BARTOLO LLANCALEO,9116,SAAVEDRA,1,1,10,7,5,0,12,,1
2017,6455,ESCUELA BASICA BARTOLO LLANCALEO,9116,SAAVEDRA,1,1,110,16,23,0,39,,3
2018,6455,ESCUELA BASICA BARTOLO LLANCALEO,9116,SAAVEDRA,1,1,10,7,2,0,9,,1
2018,6455,ESCUELA BASICA BARTOLO LLANCALEO,9116,SAAVEDRA,1,1,110,15,21,0,36,,2
2019,6455,ESCUELA BASICA BARTOLO LLANCALEO,9116,SAAVEDRA,1,1,10,4,1,0,5,,1
2019,6455,ESCUELA BASICA BARTOLO LLANCALEO,9116,SAAVEDRA,1,1,110,18,20,0,38,2,3
2020,6455,ESCUELA BASICA BARTOLO LLANCALEO,9116,SAAVEDRA,1,1,10,4,3,0,7,,1
2020,6455,ESCUELA BASICA BARTOLO LLANCALEO,9116,SAAVEDRA,1,1,110,17,18,0,35,2,3
2021,6455,ESCUELA BASICA BARTOLO LLANCALEO,9116,SAAVEDRA,1,1,10,8,9,0,17,,
2021,6455,ESCUELA BASICA BARTOLO LLANCALEO,9116,SAAVEDRA,1,1,110,20,20,0,40,,
2022,6455,ESCUELA BASICA BARTOLO LLANCALEO,9116,SAAVEDRA,1,1,10,,,,20,,
2022,6455,ESCUELA BASICA BARTOLO LLANCALEO,9116,SAAVEDRA,1,1,110,,,,45,,
2016,6456,ESCCUELA BASICA INALAFQUEN,9116,SAAVEDRA,1,1,110,15,19,0,34,0,3
2017,6456,ESCCUELA BASICA INALAFQUEN,9116,SAAVEDRA,1,1,110,15,24,0,39,,3
2018,6456,ESCCUELA BASICA INALAFQUEN,9116,SAAVEDRA,1,1,110,18,23,0,41,3,1
2019,6456,ESCCUELA BASICA INALAFQUEN,9116,SAAVEDRA,1,1,110,15,23,0,38,2,2
2020,6456,ESCCUELA BASICA INALAFQUEN,9116,SAAVEDRA,1,1,110,15,20,0,35,2,3
2021,6456,ESCCUELA BASICA INALAFQUEN,9116,SAAVEDRA,1,1,110,18,22,0,40,,
2022,6456,ESCCUELA BASICA INALAFQUEN,9116,SAAVEDRA,1,1,110,,,,35,,
2016,6457,ESC. BASICA AUGUSTO WINTER TAPIA,9116,SAAVEDRA,0,1,10,11,17,0,28,2,0
2016,6457,ESC. BASICA AUGUSTO WINTER TAPIA,9116,SAAVEDRA,0,1,110,52,57,0,109,8,0
2017,6457,ESC. BASICA AUGUSTO WINTER TAPIA,9116,SAAVEDRA,0,1,10,22,15,0,37,2,0
2017,6457,ESC. BASICA AUGUSTO WINTER TAPIA,9116,SAAVEDRA,0,1,110,60,74,0,134,8,0
2018,6457,ESC. BASICA AUGUSTO WINTER TAPIA,9116,SAAVEDRA,0,1,10,17,23,0,40,2,0
2018,6457,ESC. BASICA AUGUSTO WINTER TAPIA,9116,SAAVEDRA,0,1,110,71,82,0,153,8,0
2019,6457,ESC. BASICA AUGUSTO WINTER TAPIA,9116,SAAVEDRA,0,1,10,19,21,0,40,2,0
2019,6457,ESC. BASICA AUGUSTO WINTER TAPIA,9116,SAAVEDRA,0,1,110,75,86,0,161,8,0
2020,6457,ESC. BASICA AUGUSTO WINTER TAPIA,9116,SAAVEDRA,0,1,10,15,19,0,34,2,0
2020,6457,ESC. BASICA AUGUSTO WINTER TAPIA,9116,SAAVEDRA,0,1,110,82,89,0,171,8,0
2021,6457,ESC. BASICA AUGUSTO WINTER TAPIA,9116,SAAVEDRA,0,1,10,16,17,0,33,,
2021,6457,ESC. BASICA AUGUSTO WINTER TAPIA,9116,SAAVEDRA,0,1,110,90,90,0,180,,
2022,6457,ESC. BASICA AUGUSTO WINTER TAPIA,9116,SAAVEDRA,0,1,10,,,,39,,
2022,6457,ESC. BASICA AUGUSTO WINTER TAPIA,9116,SAAVEDRA,0,1,110,,,,185,,
2016,6458,ESCUELA BASICA CALOF,9116,SAAVEDRA,1,1,110,17,14,0,31,0,3
2017,6458,ESCUELA BASICA CALOF,9116,SAAVEDRA,1,1,110,22,18,0,40,,3
2018,6458,ESCUELA BASICA CALOF,9116,SAAVEDRA,1,1,110,25,20,0,45,1,3
2019,6458,ESCUELA BASICA CALOF,9116,SAAVEDRA,1,1,110,23,18,0,41,2,3
2020,6458,ESCUELA BASICA CALOF,9116,SAAVEDRA,1,1,110,22,20,0,42,2,3
2021,6458,ESCUELA BASICA CALOF,9116,SAAVEDRA,1,1,110,19,21,0,40,,
2022,6458,ESCUELA BASICA CALOF,9116,SAAVEDRA,1,1,110,,,,52,,
2016,6459,ESC. BASICA ANTONIO LADINO,9116,SAAVEDRA,1,1,10,7,5,0,12,0,1
2016,6459,ESC. BASICA ANTONIO LADINO,9116,SAAVEDRA,1,1,110,33,28,0,61,0,2
2017,6459,ESC. BASICA ANTONIO LADINO,9116,SAAVEDRA,1,1,10,7,4,0,11,,1
2017,6459,ESC. BASICA ANTONIO LADINO,9116,SAAVEDRA,1,1,110,34,25,0,59,,2
2018,6459,ESC. BASICA ANTONIO LADINO,9116,SAAVEDRA,1,1,10,6,4,0,10,,1
2018,6459,ESC. BASICA ANTONIO LADINO,9116,SAAVEDRA,1,1,110,33,25,0,58,,1
2019,6459,ESC. BASICA ANTONIO LADINO,9116,SAAVEDRA,1,1,10,5,6,0,11,,1
2019,6459,ESC. BASICA ANTONIO LADINO,9116,SAAVEDRA,1,1,110,35,22,0,57,2,1
2020,6459,ESC. BASICA ANTONIO LADINO,9116,SAAVEDRA,1,1,10,6,3,0,9,,1
2020,6459,ESC. BASICA ANTONIO LADINO,9116,SAAVEDRA,1,1,110,39,29,0,68,2,1
2021,6459,ESC. BASICA ANTONIO LADINO,9116,SAAVEDRA,1,1,10,9,4,0,13,,
2021,6459,ESC. BASICA ANTONIO LADINO,9116,SAAVEDRA,1,1,110,35,30,0,65,,
2022,6459,ESC. BASICA ANTONIO LADINO,9116,SAAVEDRA,1,1,10,,,,14,,
2022,6459,ESC. BASICA ANTONIO LADINO,9116,SAAVEDRA,1,1,110,,,,62,,
2016,6495,ESCUELA RUCA RAQUI,9116,SAAVEDRA,1,1,10,3,7,0,10,2,0
2016,6495,ESCUELA RUCA RAQUI,9116,SAAVEDRA,1,1,110,11,22,0,33,0,3
2017,6495,ESCUELA RUCA RAQUI,9116,SAAVEDRA,1,1,10,5,7,0,12,2,0
2017,6495,ESCUELA RUCA RAQUI,9116,SAAVEDRA,1,1,110,10,24,0,34,,3
2018,6495,ESCUELA RUCA RAQUI,9116,SAAVEDRA,1,1,10,5,6,0,11,2,0
2018,6495,ESCUELA RUCA RAQUI,9116,SAAVEDRA,1,1,110,14,33,0,47,,2
2019,6495,ESCUELA RUCA RAQUI,9116,SAAVEDRA,1,1,10,4,3,0,7,2,0
2019,6495,ESCUELA RUCA RAQUI,9116,SAAVEDRA,1,1,110,13,27,0,40,2,3
2020,6495,ESCUELA RUCA RAQUI,9116,SAAVEDRA,1,1,10,6,6,0,12,2,0
2020,6495,ESCUELA RUCA RAQUI,9116,SAAVEDRA,1,1,110,24,23,0,47,2,3
2021,6495,ESCUELA RUCA RAQUI,9116,SAAVEDRA,1,1,10,8,4,0,12,,
2021,6495,ESCUELA RUCA RAQUI,9116,SAAVEDRA,1,1,110,23,27,0,50,,
2022,6495,ESCUELA RUCA RAQUI,9116,SAAVEDRA,1,1,10,,,,11,,
2022,6495,ESCUELA RUCA RAQUI,9116,SAAVEDRA,1,1,110,,,,43,,
2016,6497,COMPLEJO EDUCACIONAL CLAUDIO ARRAU LEON,9102,CARAHUE,1,1,110,30,18,0,48,2,0
2016,6497,COMPLEJO EDUCACIONAL CLAUDIO ARRAU LEON,9102,CARAHUE,1,1,165,3,0,0,3,1,0
2016,6497,COMPLEJO EDUCACIONAL CLAUDIO ARRAU LEON,9102,CARAHUE,1,1,310,288,311,0,599,18,0
2016,6497,COMPLEJO EDUCACIONAL CLAUDIO ARRAU LEON,9102,CARAHUE,1,1,363,43,35,0,78,2,0
2016,6497,COMPLEJO EDUCACIONAL CLAUDIO ARRAU LEON,9102,CARAHUE,1,1,510,110,31,0,141,4,0
2016,6497,COMPLEJO EDUCACIONAL CLAUDIO ARRAU LEON,9102,CARAHUE,1,1,610,0,51,0,51,2,0
2016,6497,COMPLEJO EDUCACIONAL CLAUDIO ARRAU LEON,9102,CARAHUE,1,1,710,12,3,0,15,2,0
2017,6497,COMPLEJO EDUCACIONAL CLAUDIO ARRAU LEON,9102,CARAHUE,0,1,110,24,24,0,48,2,0
2017,6497,COMPLEJO EDUCACIONAL CLAUDIO ARRAU LEON,9102,CARAHUE,0,1,165,2,1,0,3,1,
2017,6497,COMPLEJO EDUCACIONAL CLAUDIO ARRAU LEON,9102,CARAHUE,0,1,310,336,338,0,674,19,
2017,6497,COMPLEJO EDUCACIONAL CLAUDIO ARRAU LEON,9102,CARAHUE,0,1,363,36,41,0,77,2,
2017,6497,COMPLEJO EDUCACIONAL CLAUDIO ARRAU LEON,9102,CARAHUE,0,1,510,102,31,0,133,4,
2017,6497,COMPLEJO EDUCACIONAL CLAUDIO ARRAU LEON,9102,CARAHUE,0,1,610,0,58,0,58,2,
2017,6497,COMPLEJO EDUCACIONAL CLAUDIO ARRAU LEON,9102,CARAHUE,0,1,710,14,2,0,16,2,
2018,6497,COMPLEJO EDUCACIONAL CLAUDIO ARRAU LEON,9102,CARAHUE,0,1,110,11,14,0,25,2,0
2018,6497,COMPLEJO EDUCACIONAL CLAUDIO ARRAU LEON,9102,CARAHUE,0,1,165,4,1,0,5,1,
2018,6497,COMPLEJO EDUCACIONAL CLAUDIO ARRAU LEON,9102,CARAHUE,0,1,310,282,276,0,558,17,
2018,6497,COMPLEJO EDUCACIONAL CLAUDIO ARRAU LEON,9102,CARAHUE,0,1,363,33,20,0,53,2,
2018,6497,COMPLEJO EDUCACIONAL CLAUDIO ARRAU LEON,9102,CARAHUE,0,1,510,89,18,0,107,4,
2018,6497,COMPLEJO EDUCACIONAL CLAUDIO ARRAU LEON,9102,CARAHUE,0,1,610,0,64,0,64,2,
2018,6497,COMPLEJO EDUCACIONAL CLAUDIO ARRAU LEON,9102,CARAHUE,0,1,710,15,2,0,17,2,
2019,6497,COMPLEJO EDUCACIONAL CLAUDIO ARRAU LEON,9102,CARAHUE,0,1,110,13,12,0,25,2,0
2019,6497,COMPLEJO EDUCACIONAL CLAUDIO ARRAU LEON,9102,CARAHUE,0,1,165,3,1,0,4,1,
2019,6497,COMPLEJO EDUCACIONAL CLAUDIO ARRAU LEON,9102,CARAHUE,0,1,310,240,278,0,518,16,
2019,6497,COMPLEJO EDUCACIONAL CLAUDIO ARRAU LEON,9102,CARAHUE,0,1,363,27,25,0,52,2,
2019,6497,COMPLEJO EDUCACIONAL CLAUDIO ARRAU LEON,9102,CARAHUE,0,1,510,87,18,0,105,3,
2019,6497,COMPLEJO EDUCACIONAL CLAUDIO ARRAU LEON,9102,CARAHUE,0,1,610,0,57,0,57,2,
2019,6497,COMPLEJO EDUCACIONAL CLAUDIO ARRAU LEON,9102,CARAHUE,0,1,710,26,3,0,29,2,
2020,6497,COMPLEJO EDUCACIONAL CLAUDIO ARRAU LEON,9102,CARAHUE,0,1,110,10,16,0,26,2,0
2020,6497,COMPLEJO EDUCACIONAL CLAUDIO ARRAU LEON,9102,CARAHUE,0,1,165,1,0,0,1,1,
2020,6497,COMPLEJO EDUCACIONAL CLAUDIO ARRAU LEON,9102,CARAHUE,0,1,310,217,244,0,461,15,
2020,6497,COMPLEJO EDUCACIONAL CLAUDIO ARRAU LEON,9102,CARAHUE,0,1,363,21,27,0,48,2,
2020,6497,COMPLEJO EDUCACIONAL CLAUDIO ARRAU LEON,9102,CARAHUE,0,1,510,106,31,0,137,4,
2020,6497,COMPLEJO EDUCACIONAL CLAUDIO ARRAU LEON,9102,CARAHUE,0,1,610,0,49,0,49,2,
2020,6497,COMPLEJO EDUCACIONAL CLAUDIO ARRAU LEON,9102,CARAHUE,0,1,710,38,4,0,42,2,
2021,6497,COMPLEJO EDUCACIONAL CLAUDIO ARRAU LEON,9102,CARAHUE,0,1,110,7,12,0,19,,
2021,6497,COMPLEJO EDUCACIONAL CLAUDIO ARRAU LEON,9102,CARAHUE,0,1,165,1,3,0,4,,
2021,6497,COMPLEJO EDUCACIONAL CLAUDIO ARRAU LEON,9102,CARAHUE,0,1,310,237,223,0,460,,
2021,6497,COMPLEJO EDUCACIONAL CLAUDIO ARRAU LEON,9102,CARAHUE,0,1,363,34,47,0,81,,
2021,6497,COMPLEJO EDUCACIONAL CLAUDIO ARRAU LEON,9102,CARAHUE,0,1,510,103,34,0,137,,
2021,6497,COMPLEJO EDUCACIONAL CLAUDIO ARRAU LEON,9102,CARAHUE,0,1,610,0,59,0,59,,
2021,6497,COMPLEJO EDUCACIONAL CLAUDIO ARRAU LEON,9102,CARAHUE,0,1,710,39,4,0,43,,
2022,6497,COMPLEJO EDUCACIONAL CLAUDIO ARRAU LEON,9102,CARAHUE,0,1,110,,,,28,,
2022,6497,COMPLEJO EDUCACIONAL CLAUDIO ARRAU LEON,9102,CARAHUE,0,1,165,,,,4,,
2022,6497,COMPLEJO EDUCACIONAL CLAUDIO ARRAU LEON,9102,CARAHUE,0,1,310,,,,500,,
2022,6497,COMPLEJO EDUCACIONAL CLAUDIO ARRAU LEON,9102,CARAHUE,0,1,363,,,,58,,
2022,6497,COMPLEJO EDUCACIONAL CLAUDIO ARRAU LEON,9102,CARAHUE,0,1,510,,,,153,,
2022,6497,COMPLEJO EDUCACIONAL CLAUDIO ARRAU LEON,9102,CARAHUE,0,1,610,,,,67,,
2022,6497,COMPLEJO EDUCACIONAL CLAUDIO ARRAU LEON,9102,CARAHUE,0,1,710,,,,50,,
2016,6499,ROMILIO ADRIAZOLA,9102,CARAHUE,0,1,10,22,16,0,38,2,0
2016,6499,ROMILIO ADRIAZOLA,9102,CARAHUE,0,1,110,71,79,0,150,8,0
2017,6499,ROMILIO ADRIAZOLA,9102,CARAHUE,0,1,10,21,25,0,46,2,0
2017,6499,ROMILIO ADRIAZOLA,9102,CARAHUE,0,1,110,84,79,0,163,8,0
2018,6499,ROMILIO ADRIAZOLA,9102,CARAHUE,0,1,10,20,22,0,42,2,0
2018,6499,ROMILIO ADRIAZOLA,9102,CARAHUE,0,1,110,100,100,0,200,8,0
2019,6499,ROMILIO ADRIAZOLA,9102,CARAHUE,0,1,10,26,21,0,47,2,0
2019,6499,ROMILIO ADRIAZOLA,9102,CARAHUE,0,1,110,108,108,0,216,8,0
2020,6499,ROMILIO ADRIAZOLA,9102,CARAHUE,0,1,10,29,26,0,55,2,0
2020,6499,ROMILIO ADRIAZOLA,9102,CARAHUE,0,1,110,102,118,0,220,8,0
2021,6499,ROMILIO ADRIAZOLA,9102,CARAHUE,0,1,10,31,21,0,52,,
2021,6499,ROMILIO ADRIAZOLA,9102,CARAHUE,0,1,110,101,111,0,212,,
2022,6499,ROMILIO ADRIAZOLA,9102,CARAHUE,0,1,10,,,,46,,
2022,6499,ROMILIO ADRIAZOLA,9102,CARAHUE,0,1,110,,,,235,,
2016,6500,ESCUELA DARIO SALAS DIAZ,9102,CARAHUE,0,1,10,49,44,0,93,4,0
2016,6500,ESCUELA DARIO SALAS DIAZ,9102,CARAHUE,0,1,110,248,261,0,509,16,0
2017,6500,ESCUELA DARIO SALAS DIAZ,9102,CARAHUE,0,1,10,46,48,0,94,4,0
2017,6500,ESCUELA DARIO SALAS DIAZ,9102,CARAHUE,0,1,110,260,269,0,529,16,0
2018,6500,COMPLEJO EDUCACIONAL DARIO SALAS,9102,CARAHUE,0,1,10,64,50,0,114,4,0
2018,6500,COMPLEJO EDUCACIONAL DARIO SALAS,9102,CARAHUE,0,1,110,288,308,0,596,18,0
2018,6500,COMPLEJO EDUCACIONAL DARIO SALAS,9102,CARAHUE,0,1,310,95,104,0,199,6,
2019,6500,COMPLEJO EDUCACIONAL DAR̍O SALAS,9102,CARAHUE,0,1,10,59,61,0,120,4,0
2019,6500,COMPLEJO EDUCACIONAL DAR̍O SALAS,9102,CARAHUE,0,1,110,315,302,0,617,18,0
2019,6500,COMPLEJO EDUCACIONAL DAR̍O SALAS,9102,CARAHUE,0,1,310,172,156,0,328,9,
2020,6500,COMPLEJO EDUCACIONAL DARIO SALAS,9102,CARAHUE,0,1,10,65,55,0,120,4,0
2020,6500,COMPLEJO EDUCACIONAL DARIO SALAS,9102,CARAHUE,0,1,110,313,312,0,625,18,0
2020,6500,COMPLEJO EDUCACIONAL DARIO SALAS,9102,CARAHUE,0,1,310,220,191,0,411,11,
2021,6500,COMPLEJO EDUCACIONAL DARIO SALAS,9102,CARAHUE,0,1,10,63,57,0,120,,
2021,6500,COMPLEJO EDUCACIONAL DARIO SALAS,9102,CARAHUE,0,1,110,303,302,0,605,,
2021,6500,COMPLEJO EDUCACIONAL DARIO SALAS,9102,CARAHUE,0,1,310,240,221,0,461,,
2022,6500,COMPLEJO EDUCACIONAL DARIO SALAS,9102,CARAHUE,0,1,10,,,,119,,
2022,6500,COMPLEJO EDUCACIONAL DARIO SALAS,9102,CARAHUE,0,1,110,,,,620,,
2022,6500,COMPLEJO EDUCACIONAL DARIO SALAS,9102,CARAHUE,0,1,310,,,,477,,
2016,6501,ESCUELA BASICA KIM RUKA,9102,CARAHUE,0,1,10,38,49,0,87,4,0
2016,6501,ESCUELA BASICA KIM RUKA,9102,CARAHUE,0,1,110,257,224,0,481,16,0
2017,6501,ESCUELA BASICA KIM RUKA,9102,CARAHUE,0,1,10,35,42,0,77,4,0
2017,6501,ESCUELA BASICA KIM RUKA,9102,CARAHUE,0,1,110,277,232,0,509,16,0
2018,6501,ESCUELA BASICA KIM RUKA,9102,CARAHUE,0,1,10,40,48,0,88,5,0
2018,6501,ESCUELA BASICA KIM RUKA,9102,CARAHUE,0,1,110,268,252,0,520,17,0
2019,6501,ESCUELA BASICA KIM RUKA,9102,CARAHUE,0,1,10,53,56,0,109,5,0
2019,6501,ESCUELA BASICA KIM RUKA,9102,CARAHUE,0,1,110,252,240,0,492,17,0
2020,6501,ESCUELA BASICA KIM RUKA,9102,CARAHUE,0,1,10,60,58,0,118,5,0
2020,6501,ESCUELA BASICA KIM RUKA,9102,CARAHUE,0,1,110,238,236,0,474,17,0
2021,6501,ESCUELA BASICA KIM RUKA,9102,CARAHUE,0,1,10,48,60,0,108,,
2021,6501,ESCUELA BASICA KIM RUKA,9102,CARAHUE,0,1,110,244,256,0,500,,
2022,6501,ESCUELA BASICA KIM RUKA,9102,CARAHUE,0,1,10,,,,119,,
2022,6501,ESCUELA BASICA KIM RUKA,9102,CARAHUE,0,1,110,,,,520,,
2016,6502,ESCUELA BASICA NEHUENTUE,9102,CARAHUE,0,1,10,21,9,0,30,2,0
2016,6502,ESCUELA BASICA NEHUENTUE,9102,CARAHUE,0,1,110,54,61,0,115,8,0
2017,6502,ESCUELA BASICA NEHUENTUE,9102,CARAHUE,0,1,10,14,12,0,26,2,0
2017,6502,ESCUELA BASICA NEHUENTUE,9102,CARAHUE,0,1,110,65,57,0,122,8,0
2018,6502,ESCUELA BASICA NEHUENTUE,9102,CARAHUE,0,1,10,9,10,0,19,2,0
2018,6502,ESCUELA BASICA NEHUENTUE,9102,CARAHUE,0,1,110,69,59,0,128,8,0
2019,6502,ESCUELA BASICA NEHUENTUE,9102,CARAHUE,0,1,10,16,9,0,25,2,0
2019,6502,ESCUELA BASICA NEHUENTUE,9102,CARAHUE,0,1,110,59,54,0,113,8,0
2020,6502,ESCUELA BASICA NEHUENTUE,9102,CARAHUE,0,1,10,17,15,0,32,2,0
2020,6502,ESCUELA BASICA NEHUENTUE,9102,CARAHUE,0,1,110,58,45,0,103,8,0
2021,6502,ESCUELA BASICA NEHUENTUE,9102,CARAHUE,0,1,10,14,14,0,28,,
2021,6502,ESCUELA BASICA NEHUENTUE,9102,CARAHUE,0,1,110,62,60,0,122,,
2022,6502,ESCUELA BASICA NEHUENTUE,9102,CARAHUE,0,1,10,,,,22,,
2022,6502,ESCUELA BASICA NEHUENTUE,9102,CARAHUE,0,1,110,,,,109,,
2016,6504,ESCUELA TRANAPUENTE,9102,CARAHUE,1,1,10,13,6,0,19,2,0
2016,6504,ESCUELA TRANAPUENTE,9102,CARAHUE,1,1,110,49,46,0,95,8,0
2017,6504,ESCUELA TRANAPUENTE,9102,CARAHUE,1,1,10,11,8,0,19,2,0
2017,6504,ESCUELA TRANAPUENTE,9102,CARAHUE,1,1,110,48,54,0,102,8,0
2018,6504,ESCUELA TRANAPUENTE,9102,CARAHUE,1,1,10,5,12,0,17,2,0
2018,6504,ESCUELA TRANAPUENTE,9102,CARAHUE,1,1,110,51,51,0,102,8,0
2019,6504,ESCUELA TRANAPUENTE,9102,CARAHUE,1,1,10,8,14,0,22,2,0
2019,6504,ESCUELA TRANAPUENTE,9102,CARAHUE,1,1,110,58,47,0,105,8,0
2020,6504,ESCUELA TRANAPUENTE,9102,CARAHUE,1,1,10,13,13,0,26,2,0
2020,6504,ESCUELA TRANAPUENTE,9102,CARAHUE,1,1,110,51,50,0,101,8,0
2021,6504,ESCUELA TRANAPUENTE,9102,CARAHUE,1,1,10,18,13,0,31,,
2021,6504,ESCUELA TRANAPUENTE,9102,CARAHUE,1,1,110,60,56,0,116,,
2022,6504,ESCUELA TRANAPUENTE,9102,CARAHUE,1,1,10,,,,28,,
2022,6504,ESCUELA TRANAPUENTE,9102,CARAHUE,1,1,110,,,,127,,
2016,6505,ESCUELA BASICA EL CIRCO,9102,CARAHUE,1,2,,0,0,0,0,0,0
2017,6505,ESCUELA BASICA EL CIRCO,9102,CARAHUE,1,2,0,,,,0,,
2018,6505,ESCUELA BASICA EL CIRCO,9102,CARAHUE,1,2,0,,,,0,,
2019,6505,ESCUELA BASICA EL CIRCO,9102,CARAHUE,1,2,0,,,,0,,
2020,6505,ESCUELA BASICA EL CIRCO,9102,CARAHUE,1,2,0,,,,0,,
2016,6506,ESCUELA MUNICIPAL DINAMARCA,9102,CARAHUE,1,1,110,2,1,0,3,2,0
2017,6506,ESCUELA MUNICIPAL DINAMARCA,9102,CARAHUE,1,1,110,3,3,0,6,3,0
2018,6506,ESCUELA MUNICIPAL DINAMARCA LUCERO,9102,CARAHUE,1,1,110,3,3,0,6,,1
2019,6506,ESCUELA MUNICIPAL DINAMARCA LUCERO,9102,CARAHUE,1,1,110,2,2,0,4,3,0
2020,6506,ESCUELA MUNICIPAL DINAMARCA,9102,CARAHUE,1,1,110,2,2,0,4,,1
2021,6506,ESCUELA MUNICIPAL DINAMARCA,9102,CARAHUE,1,1,110,2,1,0,3,,
2022,6506,ESCUELA MUNICIPAL DINAMARCA,9102,CARAHUE,1,1,110,,,,4,,
2016,6507,ESCUELA BASICA LOS CORRALES,9102,CARAHUE,1,3,,0,0,0,0,0,0
2017,6507,ESCUELA BASICA LOS CORRALES,9102,CARAHUE,1,3,0,,,,0,,
2020,6507,ESCUELA BASICA LOS CORRALES,9102,CARAHUE,1,3,0,,,,0,,
2016,6508,ESCUELA BASICA DINAMARCA LUCERO,9102,CARAHUE,1,1,110,3,7,0,10,,6
2017,6508,ESCUELA BASICA DINAMARCA LUCERO,9102,CARAHUE,1,1,110,4,4,0,8,,6
2018,6508,ESCUELA BASICA DINAMARCA,9102,CARAHUE,1,1,110,3,4,0,7,,5
2019,6508,ESCUELA BASICA DINAMARCA,9102,CARAHUE,1,1,110,5,6,0,11,,
2020,6508,ESCUELA BASICA DINAMARCA LUCERO,9102,CARAHUE,1,1,110,3,5,0,8,,
2022,6508,ESCUELA BASICA DINAMARCA LUCERO,9102,CARAHUE,1,1,110,,,,5,,
2016,6509,ESCUELA BASICA SANTA CELIA,9102,CARAHUE,1,3,,0,0,0,0,0,0
2017,6509,ESCUELA BASICA SANTA CELIA,9102,CARAHUE,1,3,0,,,,0,,
2018,6509,ESCUELA BASICA SANTA CELIA,9102,CARAHUE,1,3,0,,,,0,,
2019,6509,ESCUELA BASICA SANTA CELIA,9102,CARAHUE,1,3,0,,,,0,,
2020,6509,ESCUELA BASICA SANTA CELIA,9102,CARAHUE,1,3,0,,,,0,,
2016,6510,ESCUELA BASICA PAILACOYAN,9102,CARAHUE,1,1,110,1,0,0,1,0,1
2017,6510,ESCUELA BASICA PAILACOYAN,9102,CARAHUE,1,1,110,2,0,0,2,2,0
2018,6510,ESCUELA BASICA PAILACOYAN,9102,CARAHUE,1,1,110,1,0,0,1,,1
2019,6510,ESCUELA BASICA PAILACOYAN,9102,CARAHUE,1,1,110,1,0,0,1,,1
2020,6510,ESCUELA BASICA PAILACOYAN,9102,CARAHUE,1,1,110,2,0,0,2,1,1
2021,6510,ESCUELA BASICA PAILACOYAN,9102,CARAHUE,1,1,110,1,0,0,1,,
2022,6510,ESCUELA BASICA PAILACOYAN,9102,CARAHUE,1,1,110,,,,5,,
2016,6511,ESCUELA BASICA LAS DAMAS,9102,CARAHUE,1,3,,0,0,0,0,0,0
2017,6511,ESCUELA BASICA LAS DAMAS,9102,CARAHUE,1,3,0,,,,0,,
2020,6511,ESCUELA BASICA LAS DAMAS,9102,CARAHUE,1,3,0,,,,0,,
2016,6512,ESCUELA VILLA LAS ARAUCARIAS,9102,CARAHUE,1,1,110,2,4,0,6,5,0
2017,6512,ESCUELA VILLA LAS ARAUCARIAS,9102,CARAHUE,1,1,110,4,3,0,7,4,0
2018,6512,ESCUELA VILLA LAS ARAUCARIAS,9102,CARAHUE,1,1,110,2,0,0,2,,1
2019,6512,ESCUELA VILLA LAS ARAUCARIAS,9102,CARAHUE,1,1,110,2,2,0,4,,1
2020,6512,ESCUELA VILLA LAS ARAUCARIAS,9102,CARAHUE,1,1,110,2,2,0,4,,1
2021,6512,ESCUELA VILLA LAS ARAUCARIAS,9102,CARAHUE,1,1,110,4,2,0,6,,
2022,6512,ESCUELA VILLA LAS ARAUCARIAS,9102,CARAHUE,1,1,110,,,,4,,
2016,6513,ESCUELA BASICA CAMAR,9102,CARAHUE,1,3,,0,0,0,0,0,0
2017,6513,ESCUELA BASICA CAMAR,9102,CARAHUE,1,3,0,,,,0,,
2020,6513,ESCUELA BASICA CAMAR,9102,CARAHUE,1,3,0,,,,0,,
2016,6514,ESCUELA QUIRIPIO,9102,CARAHUE,1,3,,0,0,0,0,0,0
2017,6514,ESCUELA QUIRIPIO,9102,CARAHUE,1,3,0,,,,0,,
2018,6514,ESCUELA QUIRIPIO,9102,CARAHUE,1,3,0,,,,0,,
2019,6514,ESCUELA QUIRIPIO,9102,CARAHUE,1,3,0,,,,0,,
2020,6514,ESCUELA QUIRIPIO,9102,CARAHUE,1,3,0,,,,0,,
2016,6515,ESCUELA CATRIPULLI,9102,CARAHUE,1,1,110,7,5,0,12,0,1
2017,6515,ESCUELA CATRIPULLI,9102,CARAHUE,1,1,110,4,5,0,9,,1
2018,6515,ESCUELA CATRIPULLI,9102,CARAHUE,1,1,110,1,1,0,2,,1
2019,6515,ESCUELA CATRIPULLI,9102,CARAHUE,1,1,110,1,2,0,3,,1
2020,6515,ESCUELA CATRIPULLI,9102,CARAHUE,1,1,110,1,1,0,2,,1
2021,6515,ESCUELA CATRIPULLI,9102,CARAHUE,1,1,110,1,2,0,3,,
2022,6515,ESCUELA CATRIPULLI,9102,CARAHUE,1,1,110,,,,3,,
2016,6516,ESCUELA LAS MINAS,9102,CARAHUE,1,3,,0,0,0,0,0,0
2017,6516,ESCUELA LAS MINAS,9102,CARAHUE,1,3,0,,,,0,,
2020,6516,ESCUELA LAS MINAS,9102,CARAHUE,1,3,0,,,,0,,
2016,6518,ESCUELA BASICA EL MANZANO,9102,CARAHUE,1,1,110,8,5,0,13,0,3
2017,6518,ESCUELA BASICA EL MANZANO,9102,CARAHUE,1,1,110,5,4,0,9,1,2
2018,6518,ESCUELA BASICA EL MANZANO,9102,CARAHUE,1,1,110,1,0,0,1,,1
2019,6518,ESCUELA BASICA EL MANZANO,9102,CARAHUE,1,1,110,4,0,0,4,,2
2020,6518,ESCUELA BASICA EL MANZANO,9102,CARAHUE,1,1,110,2,0,0,2,,2
2021,6518,ESCUELA BASICA EL MANZANO,9102,CARAHUE,1,1,110,2,3,0,5,,
2022,6518,ESCUELA BASICA EL MANZANO,9102,CARAHUE,1,1,110,,,,7,,
2016,6519,ESCUELA BASICA QUILLEN,9102,CARAHUE,1,2,,0,0,0,0,0,0
2017,6519,ESCUELA BASICA QUILLEN,9102,CARAHUE,1,2,0,,,,0,,
2018,6519,ESCUELA BASICA QUILLEN,9102,CARAHUE,1,2,0,,,,0,,
2019,6519,ESCUELA BASICA QUILLEN,9102,CARAHUE,1,2,0,,,,0,,
2020,6519,ESCUELA BASICA QUILLEN,9102,CARAHUE,1,2,0,,,,0,,
2016,6521,ESCUELA BASICA CAMARONES,9102,CARAHUE,1,1,110,1,1,0,2,1,0
2017,6521,ESCUELA BASICA CAMARONES,9102,CARAHUE,1,1,110,1,2,0,3,2,0
2018,6521,ESCUELA BASICA CAMARONES,9102,CARAHUE,1,1,110,0,2,0,2,,1
2019,6521,ESCUELA BASICA CAMARONES,9102,CARAHUE,1,1,110,0,2,0,2,2,0
2020,6521,ESCUELA BASICA CAMARONES,9102,CARAHUE,1,1,110,0,2,0,2,1,0
2021,6521,ESCUELA BASICA CAMARONES,9102,CARAHUE,1,1,110,1,2,0,3,,
2022,6521,ESCUELA BASICA CAMARONES,9102,CARAHUE,1,1,110,,,,2,,
2016,6522,ESCUELA BASICA PUYANGUE,9102,CARAHUE,1,1,110,2,4,0,6,0,1
2017,6522,ESCUELA BASICA PUYANGUE,9102,CARAHUE,1,1,110,2,2,0,4,2,1
2018,6522,ESCUELA BASICA PUYANGUE,9102,CARAHUE,1,1,110,1,0,0,1,1,0
2019,6522,ESCUELA BASICA PUYANGUE,9102,CARAHUE,1,1,110,1,0,0,1,1,0
2020,6522,ESCUELA BASICA PUYANGUE,9102,CARAHUE,1,1,110,1,0,0,1,,1
2021,6522,ESCUELA BASICA PUYANGUE,9102,CARAHUE,1,1,110,2,2,0,4,,
2022,6522,ESCUELA BASICA PUYANGUE,9102,CARAHUE,1,1,110,,,,3,,
2016,6523,ESCUELA BASICA CHOMIO,9102,CARAHUE,1,1,110,1,0,0,1,1,0
2017,6523,ESCUELA BASICA CHOMIO,9102,CARAHUE,1,1,110,1,0,0,1,1,0
2018,6523,ESCUELA BASICA CHOMIO,9102,CARAHUE,1,1,110,1,1,0,2,2,0
2019,6523,ESCUELA BASICA CHOMIO,9102,CARAHUE,1,1,110,1,1,0,2,2,0
2020,6523,ESCUELA BASICA CHOMIO,9102,CARAHUE,1,1,110,1,1,0,2,2,0
2021,6523,ESCUELA BASICA CHOMIO,9102,CARAHUE,1,1,110,1,2,0,3,,
2022,6523,ESCUELA BASICA CHOMIO,9102,CARAHUE,1,1,110,,,,3,,
2016,6524,ESCUELA CULLINCO,9102,CARAHUE,1,1,110,5,2,0,7,0,1
2017,6524,ESCUELA CULLINCO,9102,CARAHUE,1,1,110,4,2,0,6,4,0
2018,6524,ESCUELA CULLINCO,9102,CARAHUE,1,1,110,2,0,0,2,2,0
2019,6524,ESCUELA CULLINCO,9102,CARAHUE,1,1,110,2,0,0,2,,1
2020,6524,ESCUELA CULLINCO,9102,CARAHUE,1,1,110,2,0,0,2,,1
2021,6524,ESCUELA CULLINCO,9102,CARAHUE,1,1,110,2,2,0,4,,
2022,6524,ESCUELA CULLINCO,9102,CARAHUE,1,1,110,,,,3,,
2016,6525,ESC. BASICA CARLOS PALMA LAFUENTE,9102,CARAHUE,1,1,110,6,0,0,6,0,2
2017,6525,ESC. BASICA CARLOS PALMA LAFUENTE,9102,CARAHUE,1,1,110,6,0,0,6,,2
2018,6525,ESC. BASICA CARLOS PALMA LAFUENTE,9102,CARAHUE,1,1,110,4,0,0,4,,2
2019,6525,ESC. BASICA CARLOS PALMA LAFUENTE,9102,CARAHUE,1,1,110,4,0,0,4,,1
2020,6525,ESC. BASICA CARLOS PALMA LAFUENTE,9102,CARAHUE,1,1,110,3,0,0,3,1,1
2021,6525,ESC. BASICA CARLOS PALMA LAFUENTE,9102,CARAHUE,1,1,110,1,0,0,1,,
2016,6526,ESCUELA BASICA EL PERAL,9102,CARAHUE,1,1,110,1,3,0,4,4,0
2017,6526,ESCUELA BASICA EL PERAL,9102,CARAHUE,1,1,110,1,1,0,2,2,0
2018,6526,ESCUELA BASICA EL PERAL,9102,CARAHUE,1,1,110,2,1,0,3,,1
2019,6526,ESCUELA BASICA EL PERAL,9102,CARAHUE,1,1,110,1,2,0,3,1,1
2020,6526,ESCUELA BASICA EL PERAL,9102,CARAHUE,1,1,110,1,1,0,2,,1
2021,6526,ESCUELA BASICA EL PERAL,9102,CARAHUE,1,1,110,2,1,0,3,,
2016,6527,ESCUELA BASICA ALTO YUPEHUE,9102,CARAHUE,1,1,110,10,6,0,16,0,1
2017,6527,ESCUELA BASICA ALTO YUPEHUE,9102,CARAHUE,1,1,110,5,7,0,12,,1
2018,6527,ESCUELA BASICA ALTO YUPEHUE,9102,CARAHUE,1,1,110,1,0,0,1,,1
2019,6527,ESCUELA BASICA ALTO YUPEHUE,9102,CARAHUE,1,1,110,1,0,0,1,,1
2020,6527,ESCUELA BASICA ALTO YUPEHUE,9102,CARAHUE,1,1,110,1,0,0,1,,1
2021,6527,ESCUELA BASICA ALTO YUPEHUE,9102,CARAHUE,1,1,110,1,0,0,1,,
2016,6528,ESCUELA BASICA BAJO YUPEHUE,9102,CARAHUE,1,1,110,18,32,0,50,2,3
2017,6528,ESCUELA BASICA BAJO YUPEHUE,9102,CARAHUE,1,1,110,20,27,0,47,2,3
2018,6528,ESCUELA BASICA BAJO YUPEHUE,9102,CARAHUE,1,1,110,18,32,0,50,2,3
2019,6528,ESCUELA BASICA BAJO YUPEHUE,9102,CARAHUE,1,1,110,16,25,0,41,2,3
2020,6528,ESCUELA BASICA BAJO YUPEHUE,9102,CARAHUE,1,1,110,19,22,0,41,2,3
2021,6528,ESCUELA BASICA BAJO YUPEHUE,9102,CARAHUE,1,1,110,25,22,0,47,,
2022,6528,ESCUELA BASICA BAJO YUPEHUE,9102,CARAHUE,1,1,110,,,,51,,
2016,6529,ESCUELA BASICA MATTE Y SANCHEZ,9102,CARAHUE,1,1,110,3,1,0,4,3,0
2017,6529,ESCUELA BASICA MATTE Y SANCHEZ,9102,CARAHUE,1,1,110,3,1,0,4,3,0
2018,6529,ESCUELA BASICA MATTE Y SANCHEZ,9102,CARAHUE,1,1,110,2,0,0,2,2,0
2019,6529,ESCUELA BASICA MATTE Y SANCHEZ,9102,CARAHUE,1,1,110,2,0,0,2,2,0
2020,6529,ESCUELA BASICA MATTE Y SANCHEZ,9102,CARAHUE,1,1,110,3,0,0,3,1,1
2021,6529,ESCUELA BASICA MATTE Y SANCHEZ,9102,CARAHUE,1,1,110,3,0,0,3,,
2022,6529,ESCUELA BASICA MATTE Y SANCHEZ,9102,CARAHUE,1,1,110,,,,7,,
2016,6530,ESC. BASICA PROF.GUILLERMO SALGADO CARRILLO,9102,CARAHUE,1,1,110,2,3,0,5,3,0
2017,6530,ESC. BASICA PROF.GUILLERMO SALGADO CARRILLO,9102,CARAHUE,1,1,110,4,3,0,7,4,0
2018,6530,ESC. BASICA PROF.GUILLERMO SALGADO CARRILLO,9102,CARAHUE,1,1,110,2,3,0,5,3,0
2019,6530,ESC. BASICA PROF.GUILLERMO SALGADO CARRILLO,9102,CARAHUE,1,1,110,2,0,0,2,2,0
2020,6530,ESC. BASICA PROF.GUILLERMO SALGADO CARRILLO,9102,CARAHUE,1,2,0,,,,0,,
2016,6531,ESCUELA BASICA CHANQUIN,9102,CARAHUE,1,3,,0,0,0,0,0,0
2017,6531,ESCUELA BASICA CHANQUIN,9102,CARAHUE,1,3,0,,,,0,,
2020,6531,ESCUELA BASICA CHANQUIN,9102,CARAHUE,1,3,0,,,,0,,
2016,6532,ESCUELA BASICA LAS SELVAS,9102,CARAHUE,1,3,,0,0,0,0,0,0
2017,6532,ESCUELA BASICA LAS SELVAS,9102,CARAHUE,1,3,0,,,,0,,
2020,6532,ESCUELA BASICA LAS SELVAS,9102,CARAHUE,1,3,0,,,,0,,
2016,6533,ESCUELA BASICA SAN JUAN DE TROVOLHUE,9102,CARAHUE,1,3,,0,0,0,0,0,0
2017,6533,ESCUELA BASICA SAN JUAN DE TROVOLHUE,9102,CARAHUE,1,3,0,,,,0,,
2020,6533,ESCUELA BASICA SAN JUAN DE TROVOLHUE,9102,CARAHUE,1,3,0,,,,0,,
2016,6535,ESCUELA BASICA LOS LAURELES,9102,CARAHUE,1,2,,0,0,0,0,0,0
2017,6535,ESCUELA BASICA LOS LAURELES,9102,CARAHUE,1,2,0,,,,0,,
2018,6535,ESCUELA BASICA LOS LAURELES,9102,CARAHUE,1,2,0,,,,0,,
2019,6535,ESCUELA BASICA LOS LAURELES,9102,CARAHUE,1,2,0,,,,0,,
2020,6535,ESCUELA BASICA LOS LAURELES,9102,CARAHUE,1,2,0,,,,0,,
2016,6536,ESCUELA AMULEY,9102,CARAHUE,1,2,,0,0,0,0,0,0
2017,6536,ESCUELA AMULEY,9102,CARAHUE,1,2,0,,,,0,,
2018,6536,ESCUELA AMULEY,9102,CARAHUE,1,2,0,,,,0,,
2019,6536,ESCUELA AMULEY,9102,CARAHUE,1,2,0,,,,0,,
2020,6536,ESCUELA AMULEY,9102,CARAHUE,1,2,0,,,,0,,
2016,6537,ESCUELA BASICA COIPUCO,9102,CARAHUE,1,3,,0,0,0,0,0,0
2017,6537,ESCUELA BASICA COIPUCO,9102,CARAHUE,1,3,0,,,,0,,
2020,6537,ESCUELA BASICA COIPUCO,9102,CARAHUE,1,3,0,,,,0,,
2016,6538,ESCUELA BASICA MACHACO CHICO,9102,CARAHUE,1,3,,0,0,0,0,0,0
2017,6538,ESCUELA BASICA MACHACO CHICO,9102,CARAHUE,1,3,0,,,,0,,
2020,6538,ESCUELA BASICA MACHACO CHICO,9102,CARAHUE,1,3,0,,,,0,,
2016,6539,ESCUELA BASICA COI COI,9102,CARAHUE,1,1,110,11,10,0,21,1,2
2017,6539,ESCUELA BASICA COI COI,9102,CARAHUE,1,1,110,8,9,0,17,1,2
2018,6539,ESCUELA BASICA COI COI,9102,CARAHUE,1,1,110,10,7,0,17,,2
2019,6539,ESCUELA BASICA COI COI,9102,CARAHUE,1,1,110,8,3,0,11,1,2
2020,6539,ESCUELA BASICA COI COI,9102,CARAHUE,1,1,110,10,4,0,14,1,2
2021,6539,ESCUELA BASICA COI COI,9102,CARAHUE,1,1,110,8,5,0,13,,
2022,6539,ESCUELA BASICA COI COI,9102,CARAHUE,1,1,110,,,,19,,
2016,6540,ESCUELA BASICA COLICO,9102,CARAHUE,1,1,110,5,1,0,6,0,1
2017,6540,ESCUELA BASICA COLICO,9102,CARAHUE,1,1,110,2,0,0,2,,1
2018,6540,ESCUELA BASICA COLICO,9102,CARAHUE,1,1,110,6,0,0,6,1,1
2019,6540,ESCUELA BASICA COLICO,9102,CARAHUE,1,1,0,,,,0,,
2020,6540,ESCUELA BASICA COLICO,9102,CARAHUE,1,1,0,,,,0,,
2016,6585,LICEO LUIS GONZALEZ VASQUEZ,9111,NUEVA IMPERIAL,0,1,110,35,37,0,72,2,0
2016,6585,LICEO LUIS GONZALEZ VASQUEZ,9111,NUEVA IMPERIAL,0,1,310,225,327,0,552,14,0
2016,6585,LICEO LUIS GONZALEZ VASQUEZ,9111,NUEVA IMPERIAL,0,1,363,67,24,0,91,4,0
2016,6585,LICEO LUIS GONZALEZ VASQUEZ,9111,NUEVA IMPERIAL,0,1,410,13,46,0,59,2,0
2016,6585,LICEO LUIS GONZALEZ VASQUEZ,9111,NUEVA IMPERIAL,0,1,510,48,12,0,60,2,0
2016,6585,LICEO LUIS GONZALEZ VASQUEZ,9111,NUEVA IMPERIAL,0,1,610,9,35,0,44,2,0
2017,6585,LICEO LUIS GONZALEZ VASQUEZ,9111,NUEVA IMPERIAL,0,1,110,39,37,0,76,2,0
2017,6585,LICEO LUIS GONZALEZ VASQUEZ,9111,NUEVA IMPERIAL,0,1,310,243,322,0,565,14,
2017,6585,LICEO LUIS GONZALEZ VASQUEZ,9111,NUEVA IMPERIAL,0,1,363,82,23,0,105,4,
2017,6585,LICEO LUIS GONZALEZ VASQUEZ,9111,NUEVA IMPERIAL,0,1,410,12,49,0,61,2,
2017,6585,LICEO LUIS GONZALEZ VASQUEZ,9111,NUEVA IMPERIAL,0,1,510,47,15,0,62,2,
2017,6585,LICEO LUIS GONZALEZ VASQUEZ,9111,NUEVA IMPERIAL,0,1,610,11,40,0,51,2,
2018,6585,LICEO LUIS GONZALEZ VASQUEZ,9111,NUEVA IMPERIAL,0,1,110,38,35,0,73,2,0
2018,6585,LICEO LUIS GONZALEZ VASQUEZ,9111,NUEVA IMPERIAL,0,1,310,247,328,0,575,14,
2018,6585,LICEO LUIS GONZALEZ VASQUEZ,9111,NUEVA IMPERIAL,0,1,363,63,31,0,94,4,
2018,6585,LICEO LUIS GONZALEZ VASQUEZ,9111,NUEVA IMPERIAL,0,1,410,15,45,0,60,2,
2018,6585,LICEO LUIS GONZALEZ VASQUEZ,9111,NUEVA IMPERIAL,0,1,510,43,15,0,58,2,
2018,6585,LICEO LUIS GONZALEZ VASQUEZ,9111,NUEVA IMPERIAL,0,1,610,12,36,0,48,2,
2019,6585,LICEO LUIS GONZALEZ VASQUEZ,9111,NUEVA IMPERIAL,0,1,110,39,38,0,77,2,0
2019,6585,LICEO LUIS GONZALEZ VASQUEZ,9111,NUEVA IMPERIAL,0,1,310,240,325,0,565,14,
2019,6585,LICEO LUIS GONZALEZ VASQUEZ,9111,NUEVA IMPERIAL,0,1,363,69,24,0,93,4,
2019,6585,LICEO LUIS GONZALEZ VASQUEZ,9111,NUEVA IMPERIAL,0,1,410,18,41,0,59,2,
2019,6585,LICEO LUIS GONZALEZ VASQUEZ,9111,NUEVA IMPERIAL,0,1,510,44,16,0,60,2,
2019,6585,LICEO LUIS GONZALEZ VASQUEZ,9111,NUEVA IMPERIAL,0,1,610,13,34,0,47,2,
2020,6585,LICEO LUIS GONZALEZ VASQUEZ,9111,NUEVA IMPERIAL,0,1,110,30,40,0,70,2,0
2020,6585,LICEO LUIS GONZALEZ VASQUEZ,9111,NUEVA IMPERIAL,0,1,310,239,305,0,544,14,
2020,6585,LICEO LUIS GONZALEZ VASQUEZ,9111,NUEVA IMPERIAL,0,1,363,59,11,0,70,4,
2020,6585,LICEO LUIS GONZALEZ VASQUEZ,9111,NUEVA IMPERIAL,0,1,410,16,47,0,63,2,
2020,6585,LICEO LUIS GONZALEZ VASQUEZ,9111,NUEVA IMPERIAL,0,1,510,45,16,0,61,2,
2020,6585,LICEO LUIS GONZALEZ VASQUEZ,9111,NUEVA IMPERIAL,0,1,610,8,41,0,49,2,
2021,6585,LICEO LUIS GONZALEZ VASQUEZ,9111,NUEVA IMPERIAL,0,1,110,31,39,0,70,,
2021,6585,LICEO LUIS GONZALEZ VASQUEZ,9111,NUEVA IMPERIAL,0,1,310,238,308,0,546,,
2021,6585,LICEO LUIS GONZALEZ VASQUEZ,9111,NUEVA IMPERIAL,0,1,363,52,17,0,69,,
2021,6585,LICEO LUIS GONZALEZ VASQUEZ,9111,NUEVA IMPERIAL,0,1,410,12,50,0,62,,
2021,6585,LICEO LUIS GONZALEZ VASQUEZ,9111,NUEVA IMPERIAL,0,1,510,52,15,0,67,,
2021,6585,LICEO LUIS GONZALEZ VASQUEZ,9111,NUEVA IMPERIAL,0,1,610,6,45,0,51,,
2022,6585,LICEO LUIS GONZALEZ VASQUEZ,9111,NUEVA IMPERIAL,0,1,110,,,,71,,
2022,6585,LICEO LUIS GONZALEZ VASQUEZ,9111,NUEVA IMPERIAL,0,1,310,,,,554,,
2022,6585,LICEO LUIS GONZALEZ VASQUEZ,9111,NUEVA IMPERIAL,0,1,363,,,,82,,
2022,6585,LICEO LUIS GONZALEZ VASQUEZ,9111,NUEVA IMPERIAL,0,1,410,,,,64,,
2022,6585,LICEO LUIS GONZALEZ VASQUEZ,9111,NUEVA IMPERIAL,0,1,510,,,,68,,
2022,6585,LICEO LUIS GONZALEZ VASQUEZ,9111,NUEVA IMPERIAL,0,1,610,,,,52,,
2016,6587,ESCUELA ALEJANDRO GOROSTIAGA,9111,NUEVA IMPERIAL,0,1,10,35,42,0,77,4,0
2016,6587,ESCUELA ALEJANDRO GOROSTIAGA,9111,NUEVA IMPERIAL,0,1,110,217,197,0,414,16,0
2017,6587,ESCUELA ALEJANDRO GOROSTIAGA,9111,NUEVA IMPERIAL,0,1,10,39,61,0,100,4,0
2017,6587,ESCUELA ALEJANDRO GOROSTIAGA,9111,NUEVA IMPERIAL,0,1,110,282,224,0,506,17,0
2018,6587,ESCUELA ALEJANDRO GOROSTIAGA,9111,NUEVA IMPERIAL,0,1,10,35,40,0,75,3,0
2018,6587,ESCUELA ALEJANDRO GOROSTIAGA,9111,NUEVA IMPERIAL,0,1,110,263,228,0,491,17,0
2019,6587,ESCUELA ALEJANDRO GOROSTIAGA,9111,NUEVA IMPERIAL,0,1,10,32,28,0,60,3,0
2019,6587,ESCUELA ALEJANDRO GOROSTIAGA,9111,NUEVA IMPERIAL,0,1,110,253,236,0,489,17,0
2020,6587,ESCUELA ALEJANDRO GOROSTIAGA,9111,NUEVA IMPERIAL,0,1,10,34,24,0,58,3,0
2020,6587,ESCUELA ALEJANDRO GOROSTIAGA,9111,NUEVA IMPERIAL,0,1,110,251,232,0,483,18,0
2021,6587,ESCUELA ALEJANDRO GOROSTIAGA,9111,NUEVA IMPERIAL,0,1,10,28,22,0,50,,
2021,6587,ESCUELA ALEJANDRO GOROSTIAGA,9111,NUEVA IMPERIAL,0,1,110,218,216,0,434,,
2022,6587,ESCUELA ALEJANDRO GOROSTIAGA,9111,NUEVA IMPERIAL,0,1,10,,,,58,,
2022,6587,ESCUELA ALEJANDRO GOROSTIAGA,9111,NUEVA IMPERIAL,0,1,110,,,,469,,
2016,6588,ESCUELA REPUBLICA,9111,NUEVA IMPERIAL,0,1,10,25,24,0,49,2,0
2016,6588,ESCUELA REPUBLICA,9111,NUEVA IMPERIAL,0,1,110,94,80,0,174,8,0
2017,6588,ESCUELA REPUBLICA,9111,NUEVA IMPERIAL,0,1,10,20,22,0,42,2,0
2017,6588,ESCUELA REPUBLICA,9111,NUEVA IMPERIAL,0,1,110,91,86,0,177,8,0
2018,6588,ESCUELA REPUBLICA,9111,NUEVA IMPERIAL,0,1,10,19,22,0,41,2,0
2018,6588,ESCUELA REPUBLICA,9111,NUEVA IMPERIAL,0,1,110,102,99,0,201,8,0
2019,6588,ESCUELA REPUBLICA,9111,NUEVA IMPERIAL,0,1,10,22,29,0,51,2,0
2019,6588,ESCUELA REPUBLICA,9111,NUEVA IMPERIAL,0,1,110,98,98,0,196,8,0
2020,6588,ESCUELA REPUBLICA,9111,NUEVA IMPERIAL,0,1,10,35,31,0,66,2,0
2020,6588,ESCUELA REPUBLICA,9111,NUEVA IMPERIAL,0,1,110,100,89,0,189,8,0
2021,6588,ESCUELA REPUBLICA,9111,NUEVA IMPERIAL,0,1,10,24,22,0,46,,
2021,6588,ESCUELA REPUBLICA,9111,NUEVA IMPERIAL,0,1,110,110,102,0,212,,
2022,6588,ESCUELA REPUBLICA,9111,NUEVA IMPERIAL,0,1,10,,,,37,,
2022,6588,ESCUELA REPUBLICA,9111,NUEVA IMPERIAL,0,1,110,,,,227,,
2016,6589,ESCUELA JUAN XXIII,9111,NUEVA IMPERIAL,0,1,10,26,21,0,47,2,0
2016,6589,ESCUELA JUAN XXIII,9111,NUEVA IMPERIAL,0,1,110,94,82,0,176,8,0
2017,6589,ESCUELA JUAN XXIII,9111,NUEVA IMPERIAL,0,1,10,21,18,0,39,2,0
2017,6589,ESCUELA JUAN XXIII,9111,NUEVA IMPERIAL,0,1,110,82,88,0,170,8,0
2018,6589,ESCUELA JUAN XXIII,9111,NUEVA IMPERIAL,0,1,10,17,16,0,33,2,0
2018,6589,ESCUELA JUAN XXIII,9111,NUEVA IMPERIAL,0,1,110,91,90,0,181,8,0
2019,6589,ESCUELA JUAN XXIII,9111,NUEVA IMPERIAL,0,1,10,22,23,0,45,2,0
2019,6589,ESCUELA JUAN XXIII,9111,NUEVA IMPERIAL,0,1,110,97,101,0,198,8,0
2020,6589,ESCUELA JUAN XXIII,9111,NUEVA IMPERIAL,0,1,10,21,32,0,53,2,0
2020,6589,ESCUELA JUAN XXIII,9111,NUEVA IMPERIAL,0,1,110,96,106,0,202,8,0
2021,6589,ESCUELA JUAN XXIII,9111,NUEVA IMPERIAL,0,1,10,21,22,0,43,,
2021,6589,ESCUELA JUAN XXIII,9111,NUEVA IMPERIAL,0,1,110,107,111,0,218,,
2022,6589,ESCUELA JUAN XXIII,9111,NUEVA IMPERIAL,0,1,10,,,,47,,
2022,6589,ESCUELA JUAN XXIII,9111,NUEVA IMPERIAL,0,1,110,,,,227,,
2016,6590,ESC. ESP.RET.MENTAL AVANCEMOS JUNTOS,9111,NUEVA IMPERIAL,0,1,212,42,18,0,60,8,0
2016,6590,ESC. ESP.RET.MENTAL AVANCEMOS JUNTOS,9111,NUEVA IMPERIAL,0,1,217,5,0,0,5,1,0
2017,6590,ESC. ESP.RET.MENTAL AVANCEMOS JUNTOS,9111,NUEVA IMPERIAL,0,1,212,32,17,0,49,3,
2017,6590,ESC. ESP.RET.MENTAL AVANCEMOS JUNTOS,9111,NUEVA IMPERIAL,0,1,217,12,2,0,14,2,
2018,6590,ESC. ESP.RET.MENTAL AVANCEMOS JUNTOS,9111,NUEVA IMPERIAL,0,1,212,28,15,0,43,3,
2018,6590,ESC. ESP.RET.MENTAL AVANCEMOS JUNTOS,9111,NUEVA IMPERIAL,0,1,217,9,4,0,13,2,
2019,6590,ESC. ESP.RET.MENTAL AVANCEMOS JUNTOS,9111,NUEVA IMPERIAL,0,1,212,27,13,0,40,1,
2019,6590,ESC. ESP.RET.MENTAL AVANCEMOS JUNTOS,9111,NUEVA IMPERIAL,0,1,217,11,4,0,15,2,
2020,6590,ESC. ESP.RET.MENTAL AVANCEMOS JUNTOS,9111,NUEVA IMPERIAL,0,1,212,33,20,0,53,1,
2020,6590,ESC. ESP.RET.MENTAL AVANCEMOS JUNTOS,9111,NUEVA IMPERIAL,0,1,217,5,0,0,5,1,
2021,6590,ESC. ESP.RET.MENTAL AVANCEMOS JUNTOS,9111,NUEVA IMPERIAL,0,1,212,36,19,0,55,,
2021,6590,ESC. ESP.RET.MENTAL AVANCEMOS JUNTOS,9111,NUEVA IMPERIAL,0,1,217,5,0,0,5,,
2022,6590,ESC. ESP.RET.MENTAL AVANCEMOS JUNTOS,9111,NUEVA IMPERIAL,0,1,212,,,,57,,
2022,6590,ESC. ESP.RET.MENTAL AVANCEMOS JUNTOS,9111,NUEVA IMPERIAL,0,1,217,,,,5,,
2016,6591,FEDERICO GARC-A LORCA,9111,NUEVA IMPERIAL,0,1,165,31,0,0,31,3,0
2017,6591,FEDERICO GARC-A LORCA,9111,NUEVA IMPERIAL,0,1,165,26,0,0,26,3,
2018,6591,FEDERICO GARC-A LORCA,9111,NUEVA IMPERIAL,0,1,165,26,0,0,26,3,
2019,6591,FEDERICO GARC-A LORCA,9111,NUEVA IMPERIAL,0,1,165,22,0,0,22,3,
2020,6591,FEDERICO GARC-A LORCA,9111,NUEVA IMPERIAL,0,1,165,19,0,0,19,3,
2021,6591,FEDERICO GARC-A LORCA,9111,NUEVA IMPERIAL,0,1,165,14,0,0,14,,
2022,6591,FEDERICO GARC-A LORCA,9111,NUEVA IMPERIAL,0,1,165,,,,14,,
2016,6593,ESCUELA BASICA EL CRUCERO,9111,NUEVA IMPERIAL,1,1,10,11,9,0,20,2,0
2016,6593,ESCUELA BASICA EL CRUCERO,9111,NUEVA IMPERIAL,1,1,110,17,35,0,52,0,4
2017,6593,ESCUELA BASICA EL CRUCERO,9111,NUEVA IMPERIAL,1,1,10,10,10,0,20,2,0
2017,6593,ESCUELA BASICA EL CRUCERO,9111,NUEVA IMPERIAL,1,1,110,31,41,0,72,,4
2018,6593,ESCUELA BASICA EL CRUCERO,9111,NUEVA IMPERIAL,1,1,10,9,11,0,20,2,0
2018,6593,ESCUELA BASICA EL CRUCERO,9111,NUEVA IMPERIAL,1,1,110,33,43,0,76,,3
2019,6593,ESCUELA BASICA EL CRUCERO,9111,NUEVA IMPERIAL,1,1,10,8,12,0,20,2,0
2019,6593,ESCUELA BASICA EL CRUCERO,9111,NUEVA IMPERIAL,1,1,110,35,40,0,75,,3
2020,6593,ESCUELA BASICA EL CRUCERO,9111,NUEVA IMPERIAL,1,1,10,7,13,0,20,2,0
2020,6593,ESCUELA BASICA EL CRUCERO,9111,NUEVA IMPERIAL,1,1,110,37,43,0,80,,3
2021,6593,ESCUELA BASICA EL CRUCERO,9111,NUEVA IMPERIAL,1,1,10,8,10,0,18,,
2021,6593,ESCUELA BASICA EL CRUCERO,9111,NUEVA IMPERIAL,1,1,110,37,48,0,85,,
2022,6593,ESCUELA BASICA EL CRUCERO,9111,NUEVA IMPERIAL,1,1,10,,,,20,,
2022,6593,ESCUELA BASICA EL CRUCERO,9111,NUEVA IMPERIAL,1,1,110,,,,87,,
2016,6597,ESCUELA BASIC RAYEN MAPU,9111,NUEVA IMPERIAL,1,3,,0,0,0,0,0,0
2017,6597,ESCUELA BASIC RAYEN MAPU,9111,NUEVA IMPERIAL,1,3,0,,,,0,,
2018,6597,ESCUELA BASIC RAYEN MAPU,9111,NUEVA IMPERIAL,1,3,0,,,,0,,
2019,6597,ESCUELA BASIC RAYEN MAPU,9111,NUEVA IMPERIAL,1,3,0,,,,0,,
2020,6597,ESCUELA BASIC RAYEN MAPU,9111,NUEVA IMPERIAL,1,3,0,,,,0,,
2016,6598,ESCUELA BASICA VIOLETA PARRA,9111,NUEVA IMPERIAL,1,3,,0,0,0,0,0,0
2017,6598,ESCUELA BASICA VIOLETA PARRA,9111,NUEVA IMPERIAL,1,3,0,,,,0,,
2020,6598,ESCUELA BASICA VIOLETA PARRA,9111,NUEVA IMPERIAL,1,3,0,,,,0,,
2016,6600,ESCUELA EL COPIHUAL,9111,NUEVA IMPERIAL,1,1,110,10,4,0,14,5,0
2017,6600,ESCUELA EL COPIHUAL,9111,NUEVA IMPERIAL,1,1,110,6,4,0,10,4,0
2018,6600,ESCUELA EL COPIHUAL,9111,NUEVA IMPERIAL,1,1,110,4,5,0,9,3,0
2019,6600,ESCUELA EL COPIHUAL,9111,NUEVA IMPERIAL,1,1,110,1,5,0,6,1,1
2020,6600,ESCUELA EL COPIHUAL,9111,NUEVA IMPERIAL,1,1,110,3,5,0,8,,1
2021,6600,ESCUELA EL COPIHUAL,9111,NUEVA IMPERIAL,1,1,110,1,4,0,5,,
2022,6600,ESCUELA EL COPIHUAL,9111,NUEVA IMPERIAL,1,1,110,,,,8,,
2016,6602,ESCUELA BASICA CATRIANCHE,9111,NUEVA IMPERIAL,1,1,110,5,4,0,9,5,0
2017,6602,ESCUELA BASICA CATRIANCHE,9111,NUEVA IMPERIAL,1,1,110,4,5,0,9,5,0
2018,6602,ESCUELA BASICA CATRIANCHE,9111,NUEVA IMPERIAL,1,1,110,5,6,0,11,6,0
2019,6602,ESCUELA BASICA CATRIANCHE,9111,NUEVA IMPERIAL,1,1,110,5,4,0,9,5,0
2020,6602,ESCUELA BASICA CATRIANCHE,9111,NUEVA IMPERIAL,1,1,110,6,4,0,10,5,0
2021,6602,ESCUELA BASICA CATRIANCHE,9111,NUEVA IMPERIAL,1,1,110,9,6,0,15,,
2022,6602,ESCUELA BASICA CATRIANCHE,9111,NUEVA IMPERIAL,1,1,110,,,,17,,
2016,6605,ESC.BASICA RAYEN MAHUIDA,9111,NUEVA IMPERIAL,1,1,110,9,5,0,14,6,0
2017,6605,ESC.BASICA RAYEN MAHUIDA,9111,NUEVA IMPERIAL,1,1,110,10,5,0,15,,1
2018,6605,ESC.BASICA RAYEN MAHUIDA,9111,NUEVA IMPERIAL,1,1,110,10,5,0,15,,1
2019,6605,ESC.BASICA RAYEN MAHUIDA,9111,NUEVA IMPERIAL,1,1,110,8,9,0,17,,1
2020,6605,ESC.BASICA RAYEN MAHUIDA,9111,NUEVA IMPERIAL,1,1,110,11,9,0,20,,1
2021,6605,ESC.BASICA RAYEN MAHUIDA,9111,NUEVA IMPERIAL,1,1,110,9,8,0,17,,
2022,6605,ESC.BASICA RAYEN MAHUIDA,9111,NUEVA IMPERIAL,1,1,110,,,,19,,
2016,6607,ESC. BASICA SANTA MARIA,9111,NUEVA IMPERIAL,1,3,,0,0,0,0,0,0
2017,6607,ESC. BASICA SANTA MARIA,9111,NUEVA IMPERIAL,1,3,0,,,,0,,
2020,6607,ESC. BASICA SANTA MARIA,9111,NUEVA IMPERIAL,1,3,0,,,,0,,
2016,6608,ESC. BASICA LA ARAUCARIA,9111,NUEVA IMPERIAL,1,1,10,1,8,0,9,0,1
2016,6608,ESC. BASICA LA ARAUCARIA,9111,NUEVA IMPERIAL,1,1,110,9,6,0,15,1,1
2017,6608,ESC. BASICA LA ARAUCARIA,9111,NUEVA IMPERIAL,1,1,10,2,5,0,7,,1
2017,6608,ESC. BASICA LA ARAUCARIA,9111,NUEVA IMPERIAL,1,1,110,6,8,0,14,1,1
2018,6608,ESC. BASICA LA ARAUCARIA,9111,NUEVA IMPERIAL,1,1,10,4,3,0,7,,1
2018,6608,ESC. BASICA LA ARAUCARIA,9111,NUEVA IMPERIAL,1,1,110,5,10,0,15,,1
2019,6608,ESC. BASICA LA ARAUCARIA,9111,NUEVA IMPERIAL,1,1,10,4,3,0,7,,1
2019,6608,ESC. BASICA LA ARAUCARIA,9111,NUEVA IMPERIAL,1,1,110,6,12,0,18,,1
2020,6608,ESC. BASICA LA ARAUCARIA,9111,NUEVA IMPERIAL,1,1,10,3,5,0,8,,1
2020,6608,ESC. BASICA LA ARAUCARIA,9111,NUEVA IMPERIAL,1,1,110,8,7,0,15,,1
2021,6608,ESC. BASICA LA ARAUCARIA,9111,NUEVA IMPERIAL,1,1,10,1,5,0,6,,
2021,6608,ESC. BASICA LA ARAUCARIA,9111,NUEVA IMPERIAL,1,1,110,9,10,0,19,,
2022,6608,ESC. BASICA LA ARAUCARIA,9111,NUEVA IMPERIAL,1,1,10,,,,8,,
2022,6608,ESC. BASICA LA ARAUCARIA,9111,NUEVA IMPERIAL,1,1,110,,,,17,,
2016,6610,ESC. BASICA SANTOS COLLIPAL,9111,NUEVA IMPERIAL,1,2,,0,0,0,0,0,0
2017,6610,ESC. BASICA SANTOS COLLIPAL,9111,NUEVA IMPERIAL,1,3,0,,,,0,,
2018,6610,ESC. BASICA SANTOS COLLIPAL,9111,NUEVA IMPERIAL,1,3,0,,,,0,,
2019,6610,ESC. BASICA SANTOS COLLIPAL,9111,NUEVA IMPERIAL,1,3,0,,,,0,,
2020,6610,ESC. BASICA SANTOS COLLIPAL,9111,NUEVA IMPERIAL,1,3,0,,,,0,,
2016,6611,ESC. BASICA CHIVILCOYAN,9111,NUEVA IMPERIAL,1,1,10,7,4,0,11,0,1
2016,6611,ESC. BASICA CHIVILCOYAN,9111,NUEVA IMPERIAL,1,1,110,5,3,0,8,3,1
2017,6611,ESC. BASICA CHIVILCOYAN,9111,NUEVA IMPERIAL,1,1,10,5,6,0,11,,1
2017,6611,ESC. BASICA CHIVILCOYAN,9111,NUEVA IMPERIAL,1,1,110,9,6,0,15,3,1
2018,6611,ESC. BASICA CHIVILCOYAN,9111,NUEVA IMPERIAL,1,1,10,3,3,0,6,,1
2018,6611,ESC. BASICA CHIVILCOYAN,9111,NUEVA IMPERIAL,1,1,110,12,6,0,18,3,1
2019,6611,ESC. BASICA CHIVILCOYAN,9111,NUEVA IMPERIAL,1,1,10,5,5,0,10,,1
2019,6611,ESC. BASICA CHIVILCOYAN,9111,NUEVA IMPERIAL,1,1,110,7,5,0,12,,1
2020,6611,ESC. BASICA CHIVILCOYAN,9111,NUEVA IMPERIAL,1,1,10,5,9,0,14,,1
2020,6611,ESC. BASICA CHIVILCOYAN,9111,NUEVA IMPERIAL,1,1,110,9,6,0,15,,1
2021,6611,ESC. BASICA CHIVILCOYAN,9111,NUEVA IMPERIAL,1,1,10,5,8,0,13,,
2021,6611,ESC. BASICA CHIVILCOYAN,9111,NUEVA IMPERIAL,1,1,110,8,8,0,16,,
2022,6611,ESC. BASICA CHIVILCOYAN,9111,NUEVA IMPERIAL,1,1,10,,,,9,,
2022,6611,ESC. BASICA CHIVILCOYAN,9111,NUEVA IMPERIAL,1,1,110,,,,19,,
2016,6613,ESC. BASICA CACIQUE HUEICHAQUEO,9111,NUEVA IMPERIAL,1,3,,0,0,0,0,0,0
2017,6613,ESC. BASICA CACIQUE HUEICHAQUEO,9111,NUEVA IMPERIAL,1,3,0,,,,0,,
2020,6613,ESC. BASICA CACIQUE HUEICHAQUEO,9111,NUEVA IMPERIAL,1,3,0,,,,0,,
2016,6614,ESC. BASICA CINCO MANZANOS,9111,NUEVA IMPERIAL,1,3,,0,0,0,0,0,0
2017,6614,ESC. BASICA CINCO MANZANOS,9111,NUEVA IMPERIAL,1,3,0,,,,0,,
2018,6614,ESC. BASICA CINCO MANZANOS,9111,NUEVA IMPERIAL,1,3,0,,,,0,,
2019,6614,ESC. BASICA CINCO MANZANOS,9111,NUEVA IMPERIAL,1,3,0,,,,0,,
2020,6614,ESC. BASICA CINCO MANZANOS,9111,NUEVA IMPERIAL,1,3,0,,,,0,,
2016,6617,ESC. RAYEN KOSKILLA,9111,NUEVA IMPERIAL,1,3,,0,0,0,0,0,0
2017,6617,ESC. RAYEN KOSKILLA,9111,NUEVA IMPERIAL,1,3,0,,,,0,,
2020,6617,ESC. RAYEN KOSKILLA,9111,NUEVA IMPERIAL,1,3,0,,,,0,,
2016,6618,ESC. BASICA SAN MANUEL,9111,NUEVA IMPERIAL,1,2,,0,0,0,0,0,0
2017,6618,ESC. BASICA SAN MANUEL,9111,NUEVA IMPERIAL,1,3,0,,,,0,,
2018,6618,ESC. BASICA SAN MANUEL,9111,NUEVA IMPERIAL,1,3,0,,,,0,,
2019,6618,ESC. BASICA SAN MANUEL,9111,NUEVA IMPERIAL,1,3,0,,,,0,,
2020,6618,ESC. BASICA SAN MANUEL,9111,NUEVA IMPERIAL,1,3,0,,,,0,,
2016,6620,ESC. BASICA AILLINCO,9111,NUEVA IMPERIAL,1,3,,0,0,0,0,0,0
2017,6620,ESC. BASICA AILLINCO,9111,NUEVA IMPERIAL,1,3,0,,,,0,,
2020,6620,ESC. BASICA AILLINCO,9111,NUEVA IMPERIAL,1,3,0,,,,0,,
2016,6623,ESCUELA ARENAS BLANCAS,9111,NUEVA IMPERIAL,1,1,10,1,4,0,5,0,1
2016,6623,ESCUELA ARENAS BLANCAS,9111,NUEVA IMPERIAL,1,1,110,13,15,0,28,6,0
2017,6623,ESCUELA ARENAS BLANCAS,9111,NUEVA IMPERIAL,1,1,10,3,4,0,7,,1
2017,6623,ESCUELA ARENAS BLANCAS,9111,NUEVA IMPERIAL,1,1,110,13,8,0,21,6,0
2018,6623,ESCUELA ARENAS BLANCAS,9111,NUEVA IMPERIAL,1,1,10,4,3,0,7,,1
2018,6623,ESCUELA ARENAS BLANCAS,9111,NUEVA IMPERIAL,1,1,110,11,10,0,21,6,0
2019,6623,ESCUELA ARENAS BLANCAS,9111,NUEVA IMPERIAL,1,1,10,3,3,0,6,,1
2019,6623,ESCUELA ARENAS BLANCAS,9111,NUEVA IMPERIAL,1,1,110,9,9,0,18,6,0
2020,6623,ESCUELA ARENAS BLANCAS,9111,NUEVA IMPERIAL,1,1,10,2,2,0,4,,1
2020,6623,ESCUELA ARENAS BLANCAS,9111,NUEVA IMPERIAL,1,1,110,9,10,0,19,3,1
2021,6623,ESCUELA ARENAS BLANCAS,9111,NUEVA IMPERIAL,1,1,10,4,2,0,6,,
2021,6623,ESCUELA ARENAS BLANCAS,9111,NUEVA IMPERIAL,1,1,110,5,6,0,11,,
2022,6623,ESCUELA ARENAS BLANCAS,9111,NUEVA IMPERIAL,1,1,10,,,,8,,
2022,6623,ESCUELA ARENAS BLANCAS,9111,NUEVA IMPERIAL,1,1,110,,,,16,,
2016,6625,ESC. BASICA LOS CANELOS,9111,NUEVA IMPERIAL,1,1,110,4,1,0,5,0,1
2017,6625,ESC. BASICA LOS CANELOS,9111,NUEVA IMPERIAL,1,1,110,3,1,0,4,2,1
2018,6625,ESC. BASICA LOS CANELOS,9111,NUEVA IMPERIAL,1,1,110,1,1,0,2,,1
2019,6625,ESC. BASICA LOS CANELOS,9111,NUEVA IMPERIAL,1,1,110,1,1,0,2,,1
2020,6625,ESC. BASICA LOS CANELOS,9111,NUEVA IMPERIAL,1,1,110,0,4,0,4,,1
2021,6625,ESC. BASICA LOS CANELOS,9111,NUEVA IMPERIAL,1,1,110,0,2,0,2,,
2022,6625,ESC. BASICA LOS CANELOS,9111,NUEVA IMPERIAL,1,1,110,,,,2,,
2016,6628,ESC. BASICA LIFKO,9111,NUEVA IMPERIAL,1,1,110,9,6,0,15,0,1
2017,6628,ESC. BASICA LIFKO,9111,NUEVA IMPERIAL,1,1,110,9,10,0,19,,1
2018,6628,ESC. BASICA LIFKO,9111,NUEVA IMPERIAL,1,1,110,9,13,0,22,,1
2019,6628,ESC. BASICA LIFKO,9111,NUEVA IMPERIAL,1,1,110,6,12,0,18,,1
2020,6628,ESC. BASICA LIFKO,9111,NUEVA IMPERIAL,1,1,110,7,10,0,17,,1
2021,6628,ESC. BASICA LIFKO,9111,NUEVA IMPERIAL,1,1,110,13,14,0,27,,
2022,6628,ESC. BASICA LIFKO,9111,NUEVA IMPERIAL,1,1,110,,,,20,,
2016,6631,ESCUELA BASICA EL PERAL,9111,NUEVA IMPERIAL,1,3,,0,0,0,0,0,0
2017,6631,ESCUELA BASICA EL PERAL,9111,NUEVA IMPERIAL,1,3,0,,,,0,,
2020,6631,ESCUELA BASICA EL PERAL,9111,NUEVA IMPERIAL,1,3,0,,,,0,,
2016,6633,ESC. BASICA SANTA MARIA DE BOROA,9111,NUEVA IMPERIAL,1,1,10,7,9,0,16,0,1
2016,6633,ESC. BASICA SANTA MARIA DE BOROA,9111,NUEVA IMPERIAL,1,1,110,16,20,0,36,0,1
2017,6633,ESC. BASICA SANTA MARIA DE BOROA,9111,NUEVA IMPERIAL,1,1,10,6,9,0,15,,1
2017,6633,ESC. BASICA SANTA MARIA DE BOROA,9111,NUEVA IMPERIAL,1,1,110,16,14,0,30,,1
2018,6633,ESC. BASICA SANTA MARIA DE BOROA,9111,NUEVA IMPERIAL,1,1,10,3,5,0,8,,1
2018,6633,ESC. BASICA SANTA MARIA DE BOROA,9111,NUEVA IMPERIAL,1,1,110,10,11,0,21,,1
2019,6633,ESC. BASICA SANTA MARIA DE BOROA,9111,NUEVA IMPERIAL,1,1,10,1,6,0,7,,1
2019,6633,ESC. BASICA SANTA MARIA DE BOROA,9111,NUEVA IMPERIAL,1,1,110,10,17,0,27,,1
2020,6633,ESC. BASICA SANTA MARIA DE BOROA,9111,NUEVA IMPERIAL,1,1,10,5,8,0,13,,1
2020,6633,ESC. BASICA SANTA MARIA DE BOROA,9111,NUEVA IMPERIAL,1,1,110,10,12,0,22,,1
2021,6633,ESC. BASICA SANTA MARIA DE BOROA,9111,NUEVA IMPERIAL,1,1,10,6,10,0,16,,
2021,6633,ESC. BASICA SANTA MARIA DE BOROA,9111,NUEVA IMPERIAL,1,1,110,11,7,0,18,,
2022,6633,ESC. BASICA SANTA MARIA DE BOROA,9111,NUEVA IMPERIAL,1,1,10,,,,16,,
2022,6633,ESC. BASICA SANTA MARIA DE BOROA,9111,NUEVA IMPERIAL,1,1,110,,,,21,,
2016,6634,ESC. BASICA SANTA LIDIA,9111,NUEVA IMPERIAL,1,3,,0,0,0,0,0,0
2017,6634,ESC. BASICA SANTA LIDIA,9111,NUEVA IMPERIAL,1,3,0,,,,0,,
2020,6634,ESC. BASICA SANTA LIDIA,9111,NUEVA IMPERIAL,1,3,0,,,,0,,
2016,6635,ESC. BASICA LOS ROBLES,9111,NUEVA IMPERIAL,1,1,110,5,7,0,12,0,1
2017,6635,ESC. BASICA LOS ROBLES,9111,NUEVA IMPERIAL,1,1,110,4,4,0,8,,1
2018,6635,ESC. BASICA LOS ROBLES,9111,NUEVA IMPERIAL,1,1,110,6,7,0,13,,1
2019,6635,ESC. BASICA LOS ROBLES,9111,NUEVA IMPERIAL,1,1,110,8,5,0,13,,1
2020,6635,ESC. BASICA LOS ROBLES,9111,NUEVA IMPERIAL,1,1,110,6,5,0,11,,1
2021,6635,ESC. BASICA LOS ROBLES,9111,NUEVA IMPERIAL,1,1,110,4,3,0,7,,
2022,6635,ESC. BASICA LOS ROBLES,9111,NUEVA IMPERIAL,1,1,110,,,,2,,
2016,6636,ESCUELA BASICA PIDENCO,9111,NUEVA IMPERIAL,1,3,,0,0,0,0,0,0
2017,6636,ESCUELA BASICA PIDENCO,9111,NUEVA IMPERIAL,1,3,0,,,,0,,
2020,6636,ESCUELA BASICA PIDENCO,9111,NUEVA IMPERIAL,1,3,0,,,,0,,
2016,6637,LOLOCURA(CERRADA),9111,NUEVA IMPERIAL,0,3,,0,0,0,0,0,0
2017,6637,LOLOCURA(CERRADA),9111,NUEVA IMPERIAL,0,3,0,,,,0,,
2020,6637,LOLOCURA(CERRADA),9111,NUEVA IMPERIAL,0,3,0,,,,0,,
2016,6638,ESCUELA EL MIRADOR,9111,NUEVA IMPERIAL,1,3,,0,0,0,0,0,0
2017,6638,ESCUELA EL MIRADOR,9111,NUEVA IMPERIAL,1,3,0,,,,0,,
2020,6638,ESCUELA EL MIRADOR,9111,NUEVA IMPERIAL,1,3,0,,,,0,,
2016,6639,ESCUELA BASICA MANIO DUCANAN,9111,NUEVA IMPERIAL,1,1,10,10,5,0,15,2,0
2016,6639,ESCUELA BASICA MANIO DUCANAN,9111,NUEVA IMPERIAL,1,1,110,10,11,0,21,0,1
2017,6639,ESCUELA BASICA MANIO DUCANAN,9111,NUEVA IMPERIAL,1,1,10,8,10,0,18,2,0
2017,6639,ESCUELA BASICA MANIO DUCANAN,9111,NUEVA IMPERIAL,1,1,110,12,11,0,23,,1
2018,6639,ESCUELA BASICA MANIO DUCANAN,9111,NUEVA IMPERIAL,1,1,10,9,9,0,18,,1
2018,6639,ESCUELA BASICA MANIO DUCANAN,9111,NUEVA IMPERIAL,1,1,110,7,11,0,18,,1
2019,6639,ESCUELA BASICA MANIO DUCANAN,9111,NUEVA IMPERIAL,1,1,10,7,8,0,15,,1
2019,6639,ESCUELA BASICA MANIO DUCANAN,9111,NUEVA IMPERIAL,1,1,110,4,8,0,12,1,1
2020,6639,ESCUELA BASICA MANIO DUCANAN,9111,NUEVA IMPERIAL,1,1,10,8,9,0,17,,1
2020,6639,ESCUELA BASICA MANIO DUCANAN,9111,NUEVA IMPERIAL,1,1,110,4,8,0,12,1,1
2021,6639,ESCUELA BASICA MANIO DUCANAN,9111,NUEVA IMPERIAL,1,1,10,10,7,0,17,,
2021,6639,ESCUELA BASICA MANIO DUCANAN,9111,NUEVA IMPERIAL,1,1,110,7,11,0,18,,
2022,6639,ESCUELA BASICA MANIO DUCANAN,9111,NUEVA IMPERIAL,1,1,10,,,,15,,
2022,6639,ESCUELA BASICA MANIO DUCANAN,9111,NUEVA IMPERIAL,1,1,110,,,,18,,
2016,12366,ESCUELA ESPECIAL ARCO IRIS,9102,CARAHUE,0,1,212,43,32,0,75,9,0
2017,12366,ESCUELA ESPECIAL ARCO IRIS,9102,CARAHUE,0,1,212,42,31,0,73,6, 
2018,12366,ESCUELA ESPECIAL ARCO IRIS,9102,CARAHUE,0,1,212,36,26,0,62,6, 
2019,12366,ESCUELA ESPECIAL ARCO IRIS,9102,CARAHUE,0,1,212,38,27,0,65,5, 
2020,12366,ESCUELA ESPECIAL ARCO IRIS,9102,CARAHUE,0,1,212,34,28,0,62,5, 
2021,12366,ESCUELA ESPECIAL ARCO IRIS,9102,CARAHUE,0,1,212,35,30,0,65,,
2022,12366,ESCUELA ESPECIAL ARCO IRIS,9102,CARAHUE,0,1,212,,,,71,,
2016,20004,ESCUELA MOTROLHUE ANEXO ESC.F461,9117,TEODORO SCHMIDT,1,3, ,0,0,0,0,0,0
2017,20004,ESCUELA MOTROLHUE ANEXO ESC.F461,9117,TEODORO SCHMIDT,1,3,0, , , ,0, , 
2020,20004,ESCUELA MOTROLHUE ANEXO ESC.F461,9117,TEODORO SCHMIDT,1,3,0, , , ,0, , 
2016,20053,LICEO TECNICO PROFESIONAL HUALPIN,9117,TEODORO SCHMIDT,1,1,510,12,1,0,13,2,0
2016,20053,LICEO TECNICO PROFESIONAL HUALPIN,9117,TEODORO SCHMIDT,1,1,610,38,44,0,82,4,0
2017,20053,LICEO TECNICO PROFESIONAL HUALPIN,9117,TEODORO SCHMIDT,1,1,510,9,0,0,9,2, 
2017,20053,LICEO TECNICO PROFESIONAL HUALPIN,9117,TEODORO SCHMIDT,1,1,610,32,28,0,60,4, 
2018,20053,LICEO TECNICO PROFESIONAL HUALPIN,9117,TEODORO SCHMIDT,1,1,510,13,1,0,14,2, 
2018,20053,LICEO TECNICO PROFESIONAL HUALPIN,9117,TEODORO SCHMIDT,1,1,610,29,33,0,62,4, 
2019,20053,LICEO TECNICO PROFESIONAL HUALPIN,9117,TEODORO SCHMIDT,1,1,510,15,1,0,16,2, 
2019,20053,LICEO TECNICO PROFESIONAL HUALPIN,9117,TEODORO SCHMIDT,1,1,610,24,30,0,54,4, 
2020,20053,LICEO TECNICO PROFESIONAL HUALPIN,9117,TEODORO SCHMIDT,1,1,510,11,0,0,11,2, 
2020,20053,LICEO TECNICO PROFESIONAL HUALPIN,9117,TEODORO SCHMIDT,1,1,610,18,25,0,43,4, 
2021,20053,LICEO TECNICO PROFESIONAL HUALPIN,9117,TEODORO SCHMIDT,1,1,510,9,2,0,11,,
2021,20053,LICEO TECNICO PROFESIONAL HUALPIN,9117,TEODORO SCHMIDT,1,1,610,27,28,0,55,,
2022,20053,LICEO TECNICO PROFESIONAL HUALPIN,9117,TEODORO SCHMIDT,1,1,510,,,,8,,
2022,20053,LICEO TECNICO PROFESIONAL HUALPIN,9117,TEODORO SCHMIDT,1,1,610,,,,87,,
2016,20248,LICEO MUNICIPAL TROVOLHUE,9102,CARAHUE,0,1,110,23,7,0,30,2,0
2016,20248,LICEO MUNICIPAL TROVOLHUE,9102,CARAHUE,0,1,310,67,73,0,140,6,0
2017,20248,LICEO MUNICIPAL TROVOLHUE,9102,CARAHUE,0,1,110,17,8,0,25,2,0
2017,20248,LICEO MUNICIPAL TROVOLHUE,9102,CARAHUE,0,1,310,69,74,0,143,6, 
2018,20248,LICEO MUNICIPAL TROVOLHUE,9102,CARAHUE,0,1,110,19,13,0,32,2,0
2018,20248,LICEO MUNICIPAL TROVOLHUE,9102,CARAHUE,0,1,310,65,77,0,142,6, 
2019,20248,LICEO MUNICIPAL TROVOLHUE,9102,CARAHUE,0,1,110,14,9,0,23,2,0
2019,20248,LICEO MUNICIPAL TROVOLHUE,9102,CARAHUE,0,1,310,65,72,0,137,6, 
2020,20248,LICEO MUNICIPAL TROVOLHUE,9102,CARAHUE,0,1,110,9,8,0,17,2,0
2020,20248,LICEO MUNICIPAL TROVOLHUE,9102,CARAHUE,0,1,310,61,68,0,129,6, 
2021,20248,LICEO MUNICIPAL TROVOLHUE,9102,CARAHUE,0,1,110,14,10,0,24,,
2021,20248,LICEO MUNICIPAL TROVOLHUE,9102,CARAHUE,0,1,310,73,71,0,144,,
2022,20248,LICEO MUNICIPAL TROVOLHUE,9102,CARAHUE,0,1,110,,,,25,,
2022,20248,LICEO MUNICIPAL TROVOLHUE,9102,CARAHUE,0,1,310,,,,154,,
