AGNO;RBD;DGV_RBD;NOM_RBD;COD_REG_RBD;COD_COM_RBD;NOM_COM_RBD;COD_DEPE;COD_DEPE2;RURAL_RBD;COD_ENSE;COD_ENSE2;APR_HOM_TO;APR_MUJ_TO;REP_HOM_TO;REP_MUJ_TO;RET_HOM_TO;RET_MUJ_TO;TRA_HOM_TO;TRA_MUJ_TO;PROM_ASIS_APR_HOM;PROM_ASIS_APR_MUJ;PROM_ASIS_APR;PROM_ASIS_REP_HOM;PROM_ASIS_REP_MUJ;PROM_ASIS_REP;PROM_ASIS
2017;6497;1;COMPLEJO EDUCACIONAL CLAUDIO ARRAU LEON;9;9102;CARAHUE;2;1;0;110;2;17;21;5;0;3;0;4;3;96,29;93,90;94,97;75,00;;75,00;92,65
2017;6497;1;COMPLEJO EDUCACIONAL CLAUDIO ARRAU LEON;9;9102;CARAHUE;2;1;0;165;3;3;1;1;0;0;0;1;0;86,00;85,00;85,75;61,00;;61,00;80,80
2017;6497;1;COMPLEJO EDUCACIONAL CLAUDIO ARRAU LEON;9;9102;CARAHUE;2;1;0;310;5;319;317;17;15;1;4;29;33;95,21;95,18;95,19;82,12;74,80;78,69;94,40
2017;6497;1;COMPLEJO EDUCACIONAL CLAUDIO ARRAU LEON;9;9102;CARAHUE;2;1;0;363;6;24;26;2;5;18;17;3;2;97,04;97,15;97,10;78,50;91,60;87,86;95,96
2017;6497;1;COMPLEJO EDUCACIONAL CLAUDIO ARRAU LEON;9;9102;CARAHUE;2;1;0;510;7;91;27;3;1;2;0;14;9;94,32;95,00;94,47;53,33;24,00;46,00;92,89
2017;6497;1;COMPLEJO EDUCACIONAL CLAUDIO ARRAU LEON;9;9102;CARAHUE;2;1;0;610;7;0;56;0;0;0;2;0;5;;92,77;92,77;;;;92,77
2017;6497;1;COMPLEJO EDUCACIONAL CLAUDIO ARRAU LEON;9;9102;CARAHUE;2;1;0;710;7;16;2;0;0;0;0;0;0;89,75;90,00;89,78;;;;89,78
2018;6497;1;COMPLEJO EDUCACIONAL CLAUDIO ARRAU LEON;9;9102;CARAHUE;6;5;0;110;2;11;11;0;0;0;2;3;5;91,36;95,55;93,45;;;;93,45
2018;6497;1;COMPLEJO EDUCACIONAL CLAUDIO ARRAU LEON;9;9102;CARAHUE;6;5;0;165;3;0;0;1;0;3;1;0;0;;;;31,00;;31,00;31,00
2018;6497;1;COMPLEJO EDUCACIONAL CLAUDIO ARRAU LEON;9;9102;CARAHUE;6;5;0;310;5;248;257;10;10;9;8;44;32;93,28;92,72;92,99;80,30;71,40;75,85;92,34
2018;6497;1;COMPLEJO EDUCACIONAL CLAUDIO ARRAU LEON;9;9102;CARAHUE;6;5;0;363;6;23;16;1;0;17;8;7;2;90,04;90,50;90,23;80,00;;80,00;89,98
2018;6497;1;COMPLEJO EDUCACIONAL CLAUDIO ARRAU LEON;9;9102;CARAHUE;6;5;0;510;7;78;16;6;0;6;2;5;4;90,72;94,75;91,40;79,17;;79,17;90,67
2018;6497;1;COMPLEJO EDUCACIONAL CLAUDIO ARRAU LEON;9;9102;CARAHUE;6;5;0;610;7;0;61;0;1;0;3;0;2;;89,07;89,07;;60,00;60,00;88,60
2018;6497;1;COMPLEJO EDUCACIONAL CLAUDIO ARRAU LEON;9;9102;CARAHUE;6;5;0;710;7;13;2;0;0;1;0;2;0;87,77;85,00;87,40;;;;87,40
2019;6497;1;COMPLEJO EDUCACIONAL CLAUDIO ARRAU LEON;9;9102;CARAHUE;6;5;0;110;2;14;15;0;0;0;1;0;2;95,36;94,20;94,76;;;;94,76
2019;6497;1;COMPLEJO EDUCACIONAL CLAUDIO ARRAU LEON;9;9102;CARAHUE;6;5;0;165;3;2;0;0;0;1;1;0;0;90,50;;90,50;;;;90,50
2019;6497;1;COMPLEJO EDUCACIONAL CLAUDIO ARRAU LEON;9;9102;CARAHUE;6;5;0;310;5;239;264;2;1;4;4;19;26;94,77;94,11;94,43;86,50;94,00;89,00;94,39
2019;6497;1;COMPLEJO EDUCACIONAL CLAUDIO ARRAU LEON;9;9102;CARAHUE;6;5;0;363;6;23;27;1;1;10;6;1;4;89,87;92,74;91,42;83,00;85,00;84,00;91,13
2019;6497;1;COMPLEJO EDUCACIONAL CLAUDIO ARRAU LEON;9;9102;CARAHUE;6;5;0;510;7;79;19;2;0;4;0;7;1;95,30;96,16;95,47;86,00;;86,00;95,28
2019;6497;1;COMPLEJO EDUCACIONAL CLAUDIO ARRAU LEON;9;9102;CARAHUE;6;5;0;610;7;0;53;0;1;0;3;0;5;;91,85;91,85;;89,00;89,00;91,80
2019;6497;1;COMPLEJO EDUCACIONAL CLAUDIO ARRAU LEON;9;9102;CARAHUE;6;5;0;710;7;27;2;1;0;1;0;2;1;89,81;85,00;89,48;59,00;;59,00;88,47
2017;6499;8;ROMILIO ADRIAZOLA;9;9102;CARAHUE;2;1;0;110;2;84;82;0;0;0;0;4;2;91,86;92,32;92,08;;;;92,08
2018;6499;8;ROMILIO ADRIAZOLA;9;9102;CARAHUE;6;5;0;110;2;103;101;0;0;0;0;3;1;92,46;92,53;92,50;;;;92,50
2019;6499;8;ROMILIO ADRIAZOLA;9;9102;CARAHUE;6;5;0;110;2;106;107;0;0;0;0;8;6;94,01;94,12;94,07;;;;94,07
2017;6500;5;ESCUELA DARIO SALAS DIAZ;9;9102;CARAHUE;2;1;0;110;2;256;278;5;1;0;0;25;20;91,67;92,27;91,98;76,00;87,00;77,83;91,82
2018;6500;5;COMPLEJO EDUCACIONAL DAR√çO SALAS;9;9102;CARAHUE;6;5;0;110;2;307;319;6;2;1;0;12;18;92,06;93,03;92,55;81,17;77,00;80,13;92,40
2018;6500;5;COMPLEJO EDUCACIONAL DAR√çO SALAS;9;9102;CARAHUE;6;5;0;310;5;96;106;6;8;1;0;9;7;91,64;89,13;90,32;69,17;82,38;76,71;89,44
2019;6500;5;COMPLEJO EDUCACIONAL DAR√çO SALAS;9;9102;CARAHUE;6;5;0;110;2;320;302;4;0;1;0;15;21;92,26;93,28;92,76;77,25;;77,25;92,66
2019;6500;5;COMPLEJO EDUCACIONAL DAR√çO SALAS;9;9102;CARAHUE;6;5;0;310;5;166;154;9;6;1;0;9;17;90,41;90,84;90,62;79,89;78,00;79,13;90,10
2017;6501;3;ESCUELA BASICA KIM RUKA;9;9102;CARAHUE;2;1;0;110;2;265;233;9;3;1;1;17;9;94,15;94,70;94,41;89,78;88,67;89,50;94,29
2018;6501;3;ESCUELA BASICA KIM RUKA;9;9102;CARAHUE;6;5;0;110;2;260;251;4;0;0;0;29;27;93,85;94,38;94,11;88,75;;88,75;94,07
2019;6501;3;ESCUELA BASICA KIM RUKA;9;9102;CARAHUE;6;5;0;110;2;245;241;0;0;0;0;27;12;93,18;93,58;93,38;;;;93,38
2017;6502;1;ESCUELA BASICA NEHUENTUE;9;9102;CARAHUE;2;1;0;110;2;66;61;1;0;0;0;1;3;93,42;92,41;92,94;77,00;;77,00;92,81
2018;6502;1;ESCUELA BASICA NEHUENTUE;9;9102;CARAHUE;6;5;0;110;2;69;58;0;0;1;0;6;2;93,70;93,81;93,75;;;;93,75
2019;6502;1;ESCUELA BASICA NEHUENTUE;9;9102;CARAHUE;6;5;0;110;2;58;54;0;0;0;1;5;2;93,53;94,15;93,83;;;;93,83
2017;6504;8;ESCUELA TRANAPUENTE;9;9102;CARAHUE;2;1;1;110;2;46;56;1;0;1;0;5;2;93,74;93,18;93,43;90,00;;90,00;93,40
2018;6504;8;ESCUELA TRANAPUENTE;9;9102;CARAHUE;6;5;1;110;2;48;48;1;1;1;0;4;5;91,88;91,42;91,65;76,00;67,00;71,50;91,23
2019;6504;8;ESCUELA TRANAPUENTE;9;9102;CARAHUE;6;5;1;110;2;57;48;0;0;0;0;4;1;91,04;90,88;90,96;;;;90,96
2017;6506;4;ESCUELA MUNICIPAL DINAMARCA;9;9102;CARAHUE;2;1;1;110;2;3;3;0;0;0;0;0;0;93,67;89,67;91,67;;;;91,67
2018;6506;4;ESCUELA MUNICIPAL DINAMARCA;9;9102;CARAHUE;6;5;1;110;2;3;3;0;0;0;0;0;0;95,67;90,67;93,17;;;;93,17
2019;6506;4;ESCUELA MUNICIPAL DINAMARCA;9;9102;CARAHUE;6;5;1;110;2;2;2;0;0;0;0;0;0;96,50;96,50;96,50;;;;96,50
2017;6508;0;ESCUELA BASICA DINAMARCA, LUCERO;9;9102;CARAHUE;2;1;1;110;2;4;5;0;0;0;0;0;1;93,50;91,40;92,33;;;;92,33
2018;6508;0;ESCUELA BASICA DINAMARCA, LUCERO;9;9102;CARAHUE;6;5;1;110;2;3;5;0;0;0;0;0;0;97,00;96,40;96,63;;;;96,63
2019;6508;0;ESCUELA BASICA DINAMARCA, LUCERO;9;9102;CARAHUE;6;5;1;110;2;2;4;1;0;0;0;2;2;98,00;96,75;97,17;72,00;;72,00;93,57
2017;6510;2;ESCUELA BASICA PAILACOYAN;9;9102;CARAHUE;2;1;1;110;2;2;0;0;0;0;0;0;0;100,00;;100,00;;;;100,00
2018;6510;2;ESCUELA BASICA PAILACOYAN;9;9102;CARAHUE;6;5;1;110;2;1;0;0;0;0;0;0;0;100,00;;100,00;;;;100,00
2019;6510;2;ESCUELA BASICA PAILACOYAN;9;9102;CARAHUE;6;5;1;110;2;1;0;0;0;0;0;0;0;100,00;;100,00;;;;100,00
2017;6512;9;ESCUELA VILLA LAS ARAUCARIAS;9;9102;CARAHUE;2;1;1;110;2;2;3;0;0;0;0;2;0;100,00;100,00;100,00;;;;100,00
2018;6512;9;ESCUELA VILLA LAS ARAUCARIAS;9;9102;CARAHUE;6;5;1;110;2;2;2;0;0;0;0;0;0;99,50;100,00;99,75;;;;99,75
2019;6512;9;ESCUELA VILLA LAS ARAUCARIAS;9;9102;CARAHUE;6;5;1;110;2;2;3;0;0;0;0;0;0;99,50;100,00;99,80;;;;99,80
2017;6515;3;ESCUELA CATRIPULLI;9;9102;CARAHUE;2;1;1;110;2;2;3;1;0;0;0;2;3;99,00;99,00;99,00;97,00;;97,00;98,67
2018;6515;3;ESCUELA CATRIPULLI;9;9102;CARAHUE;6;5;1;110;2;1;1;0;0;0;0;1;0;99,00;99,00;99,00;;;;99,00
2019;6515;3;ESCUELA CATRIPULLI;9;9102;CARAHUE;6;5;1;110;2;1;2;0;0;0;0;0;0;98,00;98,00;98,00;;;;98,00
2017;6518;8;ESCUELA BASICA EL MANZANO;9;9102;CARAHUE;2;1;1;110;2;5;4;0;0;0;0;1;0;95,00;98,75;96,67;;;;96,67
2018;6518;8;ESCUELA BASICA EL MANZANO;9;9102;CARAHUE;6;5;1;110;2;2;0;0;1;1;1;1;0;97,50;;97,50;;71,00;71,00;88,67
2019;6518;8;ESCUELA BASICA EL MANZANO;9;9102;CARAHUE;6;5;1;110;2;3;0;0;0;0;0;2;1;100,00;;100,00;;;;100,00
2017;6521;8;ESCUELA BASICA CAMARONES;9;9102;CARAHUE;2;1;1;110;2;1;1;0;1;0;0;0;0;100,00;100,00;100,00;;100,00;100,00;100,00
2018;6521;8;ESCUELA BASICA CAMARONES;9;9102;CARAHUE;6;5;1;110;2;0;1;0;1;0;0;0;0;;100,00;100,00;;99,00;99,00;99,50
2019;6521;8;ESCUELA BASICA CAMARONES;9;9102;CARAHUE;6;5;1;110;2;0;1;0;1;0;0;1;0;;96,00;96,00;;94,00;94,00;95,00
2017;6522;6;ESCUELA BASICA PUYANGUE;9;9102;CARAHUE;2;1;1;110;2;2;2;0;0;0;0;0;1;93,00;96,00;94,50;;;;94,50
2018;6522;6;ESCUELA BASICA PUYANGUE;9;9102;CARAHUE;6;5;1;110;2;1;0;0;0;0;0;1;0;99,00;;99,00;;;;99,00
2019;6522;6;ESCUELA BASICA PUYANGUE;9;9102;CARAHUE;6;5;1;110;2;1;1;0;0;0;0;0;0;94,00;96,00;95,00;;;;95,00
2017;6523;4;ESCUELA BASICA CHOMIO;9;9102;CARAHUE;2;1;1;110;2;1;0;0;0;0;0;0;0;96,00;;96,00;;;;96,00
2018;6523;4;ESCUELA BASICA CHOMIO;9;9102;CARAHUE;6;5;1;110;2;1;1;0;0;0;0;0;0;93,00;95,00;94,00;;;;94,00
2019;6523;4;ESCUELA BASICA CHOMIO;9;9102;CARAHUE;6;5;1;110;2;1;1;0;0;0;0;0;0;100,00;100,00;100,00;;;;100,00
2017;6524;2;ESCUELA CULLINCO;9;9102;CARAHUE;2;1;1;110;2;4;1;0;1;0;0;0;0;95,25;94,00;95,00;;79,00;79,00;92,33
2018;6524;2;ESCUELA CULLINCO;9;9102;CARAHUE;6;5;1;110;2;1;0;0;0;0;0;2;2;100,00;;100,00;;;;100,00
2019;6524;2;ESCUELA CULLINCO;9;9102;CARAHUE;6;5;1;110;2;2;0;0;0;0;0;0;0;95,00;;95,00;;;;95,00
2017;6525;0;ESC. BASICA CARLOS PALMA LAFUENTE;9;9102;CARAHUE;2;1;1;110;2;6;0;0;0;0;0;0;0;100,00;;100,00;;;;100,00
2018;6525;0;ESC. BASICA CARLOS PALMA LAFUENTE;9;9102;CARAHUE;6;5;1;110;2;5;0;0;0;0;0;2;0;99,00;;99,00;;;;99,00
2019;6525;0;ESC. BASICA CARLOS PALMA LAFUENTE;9;9102;CARAHUE;6;5;1;110;2;4;0;0;0;0;0;0;0;98,50;;98,50;;;;98,50
2017;6526;9;ESCUELA BASICA EL PERAL;9;9102;CARAHUE;2;1;1;110;2;1;1;0;0;0;0;0;0;98,00;98,00;98,00;;;;98,00
2018;6526;9;ESCUELA BASICA EL PERAL;9;9102;CARAHUE;6;5;1;110;2;2;2;0;0;0;0;0;0;97,50;100,00;98,75;;;;98,75
2019;6526;9;ESCUELA BASICA EL PERAL;9;9102;CARAHUE;6;5;1;110;2;1;1;0;0;0;0;0;2;100,00;100,00;100,00;;;;100,00
2017;6527;7;ESCUELA BASICA ALTO YUPEHUE;9;9102;CARAHUE;2;1;1;110;2;8;7;1;0;0;0;1;0;98,88;99,43;99,13;97,00;;97,00;99,00
2018;6527;7;ESCUELA BASICA ALTO YUPEHUE;9;9102;CARAHUE;6;5;1;110;2;1;0;0;0;0;0;0;0;98,00;;98,00;;;;98,00
2019;6527;7;ESCUELA BASICA ALTO YUPEHUE;9;9102;CARAHUE;6;5;1;110;2;1;0;0;0;0;0;0;0;97,00;;97,00;;;;97,00
2017;6528;5;ESCUELA BASICA BAJO YUPEHUE;9;9102;CARAHUE;2;1;1;110;2;19;27;1;1;0;0;0;2;97,53;98,44;98,07;100,00;100,00;100,00;98,15
2018;6528;5;ESCUELA BASICA BAJO YUPEHUE;9;9102;CARAHUE;6;5;1;110;2;18;32;0;0;0;0;0;0;95,67;97,31;96,72;;;;96,72
2019;6528;5;ESCUELA BASICA BAJO YUPEHUE;9;9102;CARAHUE;6;5;1;110;2;16;25;0;0;0;0;0;1;97,31;97,60;97,49;;;;97,49
2017;6529;3;ESCUELA BASICA MATTE Y SANCHEZ;9;9102;CARAHUE;2;1;1;110;2;3;1;0;0;0;0;0;0;94,33;95,00;94,50;;;;94,50
2018;6529;3;ESCUELA BASICA MATTE Y SANCHEZ;9;9102;CARAHUE;6;5;1;110;2;2;0;0;0;0;0;0;0;98,50;;98,50;;;;98,50
2019;6529;3;ESCUELA BASICA MATTE Y SANCHEZ;9;9102;CARAHUE;6;5;1;110;2;1;0;0;0;0;0;2;0;97,00;;97,00;;;;97,00
2017;6530;7;ESC. BASICA PROF.GUILLERMO SALGADO CARRILLO;9;9102;CARAHUE;2;1;1;110;2;2;3;0;0;0;0;2;0;98,00;98,67;98,40;;;;98,40
2018;6530;7;ESC. BASICA PROF.GUILLERMO SALGADO CARRILLO;9;9102;CARAHUE;6;5;1;110;2;2;3;0;0;0;0;0;0;98,00;97,00;97,40;;;;97,40
2019;6530;7;ESC. BASICA PROF.GUILLERMO SALGADO CARRILLO;9;9102;CARAHUE;6;5;1;110;2;2;0;0;0;0;0;0;0;99,00;;99,00;;;;99,00
2017;6539;0;ESCUELA BASICA COI COI;9;9102;CARAHUE;2;1;1;110;2;8;9;0;0;0;0;0;0;87,25;90,44;88,94;;;;88,94
2018;6539;0;ESCUELA BASICA COI COI;9;9102;CARAHUE;6;5;1;110;2;10;8;0;0;0;0;0;0;93,90;93,50;93,72;;;;93,72
2019;6539;0;ESCUELA BASICA COI COI;9;9102;CARAHUE;6;5;1;110;2;9;3;0;0;0;0;0;0;92,44;94,33;92,92;;;;92,92
2017;6540;4;ESCUELA BASICA COLICO;9;9102;CARAHUE;2;1;1;110;2;2;0;0;0;0;0;2;0;100,00;;100,00;;;;100,00
2018;6540;4;ESCUELA BASICA COLICO;9;9102;CARAHUE;6;5;1;110;2;4;0;0;0;0;0;2;0;100,00;;100,00;;;;100,00
2017;20248;7;LICEO MUNICIPAL TROVOLHUE;9;9102;CARAHUE;2;1;0;110;2;18;8;0;0;0;0;2;1;96,22;96,63;96,35;;;;96,35
2017;20248;7;LICEO MUNICIPAL TROVOLHUE;9;9102;CARAHUE;2;1;0;310;5;59;71;6;3;3;2;7;4;95,58;95,07;95,30;68,33;70,33;69,00;93,5971223Ôªø
2018;20248;7;LICEO MUNICIPAL TROVOLHUE;9;9102;CARAHUE;6;5;0;110;2;19;13;0;0;0;0;0;0;95,16;95,54;95,31;;;;95,31
2018;20248;7;LICEO MUNICIPAL TROVOLHUE;9;9102;CARAHUE;6;5;0;310;5;64;76;2;1;1;1;2;0;93,53;91,80;92,59;87,50;98,00;91,00;92,55944056Ôªø
2019;20248;7;LICEO MUNICIPAL TROVOLHUE;9;9102;CARAHUE;6;5;0;110;2;14;10;0;0;0;0;1;0;93,93;95,50;94,58;;;;94,58
2019;20248;7;LICEO MUNICIPAL TROVOLHUE;9;9102;CARAHUE;6;5;0;310;5;59;72;4;1;1;0;4;5;94,46;94,64;94,56;67,75;81,00;70,40;93,67
2017;6585;4;LICEO LUIS GONZALEZ VASQUEZ;9;9111;NUEVA IMPERIAL;2;1;0;110;2;36;32;3;2;0;0;0;5;92,33;93,72;92,99;85,33;86,50;85,80;92,49
2017;6585;4;LICEO LUIS GONZALEZ VASQUEZ;9;9111;NUEVA IMPERIAL;2;1;0;310;5;234;293;10;18;1;3;12;24;92,50;92,46;92,48;79,50;79,06;79,21;91,81
2017;6585;4;LICEO LUIS GONZALEZ VASQUEZ;9;9111;NUEVA IMPERIAL;2;1;0;363;6;49;15;23;2;36;15;6;12;91,57;90,33;91,28;88,09;86,50;87,96;90,35
2017;6585;4;LICEO LUIS GONZALEZ VASQUEZ;9;9111;NUEVA IMPERIAL;2;1;0;410;7;11;50;1;0;0;2;0;1;90,27;90,64;90,57;87,00;;87,00;90,52
2017;6585;4;LICEO LUIS GONZALEZ VASQUEZ;9;9111;NUEVA IMPERIAL;2;1;0;510;7;44;12;2;1;1;0;3;2;91,07;91,67;91,20;43,50;1,00;29,33;88,05
2017;6585;4;LICEO LUIS GONZALEZ VASQUEZ;9;9111;NUEVA IMPERIAL;2;1;0;610;7;11;39;0;1;0;0;0;2;93,55;91,72;92,12;;85,00;85,00;91,98
2018;6585;4;LICEO LUIS GONZALEZ VASQUEZ;9;9111;NUEVA IMPERIAL;6;5;0;110;2;35;33;6;3;0;0;0;2;91,23;93,79;92,47;90,67;82,00;87,78;91,92
2018;6585;4;LICEO LUIS GONZALEZ VASQUEZ;9;9111;NUEVA IMPERIAL;6;5;0;310;5;232;309;13;10;1;3;9;16;92,82;91,80;92,24;83,23;73,80;79,13;91,70
2018;6585;4;LICEO LUIS GONZALEZ VASQUEZ;9;9111;NUEVA IMPERIAL;6;5;0;363;6;33;22;25;0;20;15;6;8;93,15;91,23;92,38;88,40;;88,40;91,14
2018;6585;4;LICEO LUIS GONZALEZ VASQUEZ;9;9111;NUEVA IMPERIAL;6;5;0;410;7;15;45;0;0;0;0;1;1;90,87;88,84;89,35;;;;89,35
2018;6585;4;LICEO LUIS GONZALEZ VASQUEZ;9;9111;NUEVA IMPERIAL;6;5;0;510;7;39;15;1;0;0;0;4;0;92,79;94,47;93,26;46,00;;46,00;92,40
2018;6585;4;LICEO LUIS GONZALEZ VASQUEZ;9;9111;NUEVA IMPERIAL;6;5;0;610;7;10;36;1;0;0;0;1;0;91,70;92,36;92,22;85,00;;85,00;92,06
2019;6585;4;LICEO LUIS GONZALEZ VASQUEZ;9;9111;NUEVA IMPERIAL;6;5;0;110;2;33;33;5;3;0;0;1;2;91,79;93,42;92,61;89,00;69,00;81,50;91,41
2019;6585;4;LICEO LUIS GONZALEZ VASQUEZ;9;9111;NUEVA IMPERIAL;6;5;0;310;5;215;315;15;5;1;1;20;18;92,85;91,03;91,77;74,67;85,40;77,35;91,24
2019;6585;4;LICEO LUIS GONZALEZ VASQUEZ;9;9111;NUEVA IMPERIAL;6;5;0;363;6;33;17;22;7;27;11;9;3;92,76;91,88;92,46;85,82;86,14;85,90;90,05
2019;6585;4;LICEO LUIS GONZALEZ VASQUEZ;9;9111;NUEVA IMPERIAL;6;5;0;410;7;18;39;1;1;0;0;2;3;91,78;88,31;89,40;88,00;16,00;52,00;88,14
2019;6585;4;LICEO LUIS GONZALEZ VASQUEZ;9;9111;NUEVA IMPERIAL;6;5;0;510;7;44;14;0;0;1;1;3;2;93,86;92,00;93,41;;;;93,41
2019;6585;4;LICEO LUIS GONZALEZ VASQUEZ;9;9111;NUEVA IMPERIAL;6;5;0;610;7;12;33;1;1;0;0;0;1;92,75;91,82;92,07;91,00;75,00;83,00;91,68
2017;6587;0;ESCUELA ALEJANDRO GOROSTIAGA;9;9111;NUEVA IMPERIAL;2;1;0;110;2;270;219;13;3;1;0;18;17;92,41;93,38;92,85;84,46;84,00;84,38;92,58
2018;6587;0;ESCUELA ALEJANDRO GOROSTIAGA;9;9111;NUEVA IMPERIAL;6;5;0;110;2;263;233;5;0;0;0;24;33;94,18;94,95;94,54;64,40;;64,40;94,24
2019;6587;0;ESCUELA ALEJANDRO GOROSTIAGA;9;9111;NUEVA IMPERIAL;6;5;0;110;2;256;226;1;0;0;0;15;24;93,04;93,05;93,05;91,00;;91,00;93,04
2017;6588;9;ESCUELA REPUBLICA;9;9111;NUEVA IMPERIAL;2;1;0;110;2;90;86;1;0;0;1;9;7;93,49;93,00;93,25;65,00;;65,00;93,09
2018;6588;9;ESCUELA REPUBLICA;9;9111;NUEVA IMPERIAL;6;5;0;110;2;100;103;1;0;0;1;12;7;92,81;93,80;93,31;99,00;;99,00;93,34
2019;6588;9;ESCUELA REPUBLICA;9;9111;NUEVA IMPERIAL;6;5;0;110;2;96;96;0;0;0;0;7;8;94,05;93,13;93,59;;;;93,59
2017;6589;7;ESCUELA JUAN XXIII;9;9111;NUEVA IMPERIAL;2;1;0;110;2;84;88;3;0;0;0;2;4;96,62;96,41;96,51;91,33;;91,33;96,42
2018;6589;7;ESCUELA JUAN XXIII;9;9111;NUEVA IMPERIAL;6;5;0;110;2;98;93;1;0;0;0;7;6;95,30;95,19;95,25;85,00;;85,00;95,19
2019;6589;7;ESCUELA JUAN XXIII;9;9111;NUEVA IMPERIAL;6;5;0;110;2;97;103;0;1;1;0;6;1;91,85;91,35;91,59;;75,00;75,00;91,51
2017;6591;9;FEDERICO GARC-A LORCA;9;9111;NUEVA IMPERIAL;2;1;0;165;3;16;0;12;0;11;0;3;0;93,63;;93,63;84,17;;84,17;89,57
2018;6591;9;FEDERICO GARC-A LORCA;9;9111;NUEVA IMPERIAL;6;5;0;165;3;13;0;12;0;9;0;0;0;89,77;;89,77;87,25;;87,25;88,56
2019;6591;9;FEDERICO GARC-A LORCA;9;9111;NUEVA IMPERIAL;6;5;0;165;3;12;0;8;0;11;0;1;0;92,50;;92,50;91,25;;91,25;92,00
2017;6593;5;ESCUELA BASICA EL CRUCERO;9;9111;NUEVA IMPERIAL;2;1;1;110;2;31;41;0;0;0;0;3;2;97,10;96,66;96,85;;;;96,85
2018;6593;5;ESCUELA BASICA EL CRUCERO;9;9111;NUEVA IMPERIAL;6;5;1;110;2;35;41;0;2;0;0;1;2;95,94;96,34;96,16;;65,00;65,00;95,36
2019;6593;5;ESCUELA BASICA EL CRUCERO;9;9111;NUEVA IMPERIAL;6;5;1;110;2;34;42;0;0;0;0;4;3;96,15;95,19;95,62;;;;95,62
2017;6600;1;ESCUELA EL COPIHUAL;9;9111;NUEVA IMPERIAL;2;1;1;110;2;6;4;0;0;0;0;1;0;97,83;99,50;98,50;;;;98,50
2018;6600;1;ESCUELA EL COPIHUAL;9;9111;NUEVA IMPERIAL;6;5;1;110;2;3;5;0;0;0;0;1;0;100,00;100,00;100,00;;;;100,00
2019;6600;1;ESCUELA EL COPIHUAL;9;9111;NUEVA IMPERIAL;6;5;1;110;2;2;5;0;0;0;0;0;1;99,00;98,60;98,71;;;;98,71
2017;6602;8;ESCUELA BASICA CATRIANCHE;9;9111;NUEVA IMPERIAL;2;1;1;110;2;4;4;0;0;0;0;0;1;99,25;99,25;99,25;;;;99,25
2018;6602;8;ESCUELA BASICA CATRIANCHE;9;9111;NUEVA IMPERIAL;6;5;1;110;2;5;6;0;0;0;0;0;0;98,60;100,00;99,36;;;;99,36
2019;6602;8;ESCUELA BASICA CATRIANCHE;9;9111;NUEVA IMPERIAL;6;5;1;110;2;6;4;0;0;0;0;0;0;100,00;100,00;100,00;;;;100,00
2017;6605;2;ESC.BASICA RAYEN MAHUIDA;9;9111;NUEVA IMPERIAL;2;1;1;110;2;10;4;0;0;0;0;1;1;99,00;94,50;97,71;;;;97,71
2018;6605;2;ESC.BASICA RAYEN MAHUIDA;9;9111;NUEVA IMPERIAL;6;5;1;110;2;10;5;0;0;0;0;0;0;96,10;95,80;96,00;;;;96,00
2019;6605;2;ESC.BASICA RAYEN MAHUIDA;9;9111;NUEVA IMPERIAL;6;5;1;110;2;8;9;0;0;0;0;0;0;99,25;97,22;98,18;;;;98,18
2017;6608;7;ESC. BASICA LA ARAUCARIA;9;9111;NUEVA IMPERIAL;2;1;1;110;2;5;7;0;0;0;0;5;3;99,40;99,71;99,58;;;;99,58
2018;6608;7;ESC. BASICA LA ARAUCARIA;9;9111;NUEVA IMPERIAL;6;5;1;110;2;5;11;0;0;0;0;0;1;95,00;98,64;97,50;;;;97,50
2019;6608;7;ESC. BASICA LA ARAUCARIA;9;9111;NUEVA IMPERIAL;6;5;1;110;2;6;11;0;0;0;0;0;1;98,00;97,73;97,82;;;;97,82
2017;6611;7;ESC. BASICA CHIVILCOYAN;9;9111;NUEVA IMPERIAL;2;1;1;110;2;9;7;0;0;0;0;0;0;97,33;96,71;97,06;;;;97,06
2018;6611;7;ESC. BASICA CHIVILCOYAN;9;9111;NUEVA IMPERIAL;6;5;1;110;2;12;6;0;0;0;0;0;0;95,42;97,00;95,94;;;;95,94
2019;6611;7;ESC. BASICA CHIVILCOYAN;9;9111;NUEVA IMPERIAL;6;5;1;110;2;8;5;0;0;0;0;4;3;96,88;97,00;96,92;;;;96,92
2017;6623;0;ESCUELA ARENAS BLANCAS;9;9111;NUEVA IMPERIAL;2;1;1;110;2;12;9;0;0;0;0;1;3;96,08;97,89;96,86;;;;96,86
2018;6623;0;ESCUELA ARENAS BLANCAS;9;9111;NUEVA IMPERIAL;6;5;1;110;2;11;10;0;0;0;0;1;2;96,82;95,20;96,05;;;;96,05
2019;6623;0;ESCUELA ARENAS BLANCAS;9;9111;NUEVA IMPERIAL;6;5;1;110;2;9;9;0;0;0;0;0;0;96,56;96,67;96,61;;;;96,61
2017;6625;7;ESC. BASICA LOS CANELOS;9;9111;NUEVA IMPERIAL;2;1;1;110;2;2;2;0;0;0;0;1;0;95,00;93,50;94,25;;;;94,25
2018;6625;7;ESC. BASICA LOS CANELOS;9;9111;NUEVA IMPERIAL;6;5;1;110;2;1;1;0;0;0;0;0;0;92,00;94,00;93,00;;;;93,00
2019;6625;7;ESC. BASICA LOS CANELOS;9;9111;NUEVA IMPERIAL;6;5;1;110;2;1;1;0;0;0;0;0;0;97,00;94,00;95,50;;;;95,50
2017;6628;1;ESC. BASICA LIFKO;9;9111;NUEVA IMPERIAL;2;1;1;110;2;9;10;0;0;0;0;0;1;96,89;93,60;95,16;;;;95,16
2018;6628;1;ESC. BASICA LIFKO;9;9111;NUEVA IMPERIAL;6;5;1;110;2;10;13;0;0;0;0;1;1;97,30;96,62;96,91;;;;96,91
2019;6628;1;ESC. BASICA LIFKO;9;9111;NUEVA IMPERIAL;6;5;1;110;2;6;12;0;0;0;0;0;0;96,83;97,25;97,11;;;;97,11
2017;6633;8;ESC. BASICA SANTA MARIA DE BOROA;9;9111;NUEVA IMPERIAL;2;1;1;110;2;16;14;0;0;0;0;1;0;91,31;91,64;91,47;;;;91,47
2018;6633;8;ESC. BASICA SANTA MARIA DE BOROA;9;9111;NUEVA IMPERIAL;6;5;1;110;2;9;12;0;0;0;0;1;1;100,00;99,83;99,90;;;;99,90
2019;6633;8;ESC. BASICA SANTA MARIA DE BOROA;9;9111;NUEVA IMPERIAL;6;5;1;110;2;10;18;0;0;0;0;0;1;99,80;99,67;99,71;;;;99,71
2017;6635;4;ESC. BASICA LOS ROBLES;9;9111;NUEVA IMPERIAL;2;1;1;110;2;4;3;0;0;1;0;0;1;99,00;99,67;99,29;;;;99,29
2018;6635;4;ESC. BASICA LOS ROBLES;9;9111;NUEVA IMPERIAL;6;5;1;110;2;7;6;1;0;0;2;0;3;99,57;99,83;99,69;100,00;;100,00;99,71
2019;6635;4;ESC. BASICA LOS ROBLES;9;9111;NUEVA IMPERIAL;6;5;1;110;2;7;5;0;0;0;0;2;1;98,71;100,00;99,25;;;;99,25
2017;6639;7;ESCUELA BASICA MANIO DUCANAN;9;9111;NUEVA IMPERIAL;2;1;1;110;2;13;12;0;0;0;0;1;0;99,46;98,50;99,00;;;;99,00
2018;6639;7;ESCUELA BASICA MANIO DUCANAN;9;9111;NUEVA IMPERIAL;6;5;1;110;2;8;12;0;0;0;0;1;3;98,13;98,33;98,25;;;;98,25
2019;6639;7;ESCUELA BASICA MANIO DUCANAN;9;9111;NUEVA IMPERIAL;6;5;1;110;2;3;6;0;0;0;1;1;1;99,00;98,00;98,33;;;;98,33
2017;6452;1;LICEO REINO DE SUECIA;9;9116;SAAVEDRA;2;1;0;110;2;77;94;3;3;0;0;2;10;91,09;90,89;90,98;59,33;89,67;74,50;90,42
2017;6452;1;LICEO REINO DE SUECIA;9;9116;SAAVEDRA;2;1;0;310;5;72;73;20;8;6;2;4;4;90,72;88,30;89,50;75,75;66,50;73,11;86,85
2017;6452;1;LICEO REINO DE SUECIA;9;9116;SAAVEDRA;2;1;0;610;7;17;17;1;0;0;0;0;0;90,59;84,76;87,68;86,00;;86,00;87,63
2018;6452;1;LICEO REINO DE SUECIA;9;9116;SAAVEDRA;6;5;0;110;2;83;103;6;1;2;2;6;4;93,53;92,43;92,92;87,67;58,00;83,43;92,58
2018;6452;1;LICEO REINO DE SUECIA;9;9116;SAAVEDRA;6;5;0;310;5;66;68;18;10;4;3;8;8;91,18;87,75;89,44;77,44;62,10;71,96;86,42
2018;6452;1;LICEO REINO DE SUECIA;9;9116;SAAVEDRA;6;5;0;610;7;16;15;7;0;1;0;1;0;88,63;86,13;87,42;85,43;;85,43;87,05
2019;6452;1;LICEO REINO DE SUECIA;9;9116;SAAVEDRA;6;5;0;110;2;86;91;5;1;0;1;8;17;93,47;93,21;93,33;85,40;96,00;87,17;93,13
2019;6452;1;LICEO REINO DE SUECIA;9;9116;SAAVEDRA;6;5;0;310;5;68;71;7;4;7;5;8;6;91,38;88,51;89,91;79,29;60,50;72,45;88,63
2019;6452;1;LICEO REINO DE SUECIA;9;9116;SAAVEDRA;6;5;0;610;7;14;17;0;0;4;1;3;2;91,07;79,82;84,90;;;;84,90
2017;6454;8;ESCUELA BASICA COLLICO RANCO;9;9116;SAAVEDRA;2;1;1;110;2;25;21;0;0;0;0;0;0;95,52;95,14;95,35;;;;95,35
2018;6454;8;ESCUELA BASICA COLLICO RANCO;9;9116;SAAVEDRA;6;5;1;110;2;28;24;0;1;0;0;2;0;94,39;93,54;94,00;;82,00;82,00;93,77
2019;6454;8;ESCUELA BASICA COLLICO RANCO;9;9116;SAAVEDRA;6;5;1;110;2;27;28;0;0;0;0;3;0;95,22;94,18;94,69;;;;94,69
2017;6455;6;ESCUELA BASICA BARTOLO LLANCALEO;9;9116;SAAVEDRA;2;1;1;110;2;15;24;0;0;0;0;1;0;95,13;94,71;94,87;;;;94,87
2018;6455;6;ESCUELA BASICA BARTOLO LLANCALEO;9;9116;SAAVEDRA;6;5;1;110;2;14;20;0;0;0;0;2;2;94,79;92,45;93,41;;;;93,41
2019;6455;6;ESCUELA BASICA BARTOLO LLANCALEO;9;9116;SAAVEDRA;6;5;1;110;2;18;19;0;0;0;0;0;2;93,11;92,58;92,84;;;;92,84
2017;6456;4;ESCCUELA BASICA INALAFQUEN;9;9116;SAAVEDRA;2;1;1;110;2;17;25;0;0;0;0;0;1;94,18;94,72;94,50;;;;94,50
2018;6456;4;ESCCUELA BASICA INALAFQUEN;9;9116;SAAVEDRA;6;5;1;110;2;17;23;0;0;0;0;2;0;92,06;92,48;92,30;;;;92,30
2019;6456;4;ESCCUELA BASICA INALAFQUEN;9;9116;SAAVEDRA;6;5;1;110;2;14;23;0;0;0;0;1;0;93,93;93,83;93,86;;;;93,86
2017;6457;2;ESC. BASICA AUGUSTO WINTER TAPIA;9;9116;SAAVEDRA;2;1;0;110;2;60;80;0;0;0;0;1;0;95,90;95,64;95,75;;;;95,75
2018;6457;2;ESC. BASICA AUGUSTO WINTER TAPIA;9;9116;SAAVEDRA;6;5;0;110;2;69;79;0;0;0;0;4;5;97,39;97,42;97,41;;;;97,41
2019;6457;2;ESC. BASICA AUGUSTO WINTER TAPIA;9;9116;SAAVEDRA;6;5;0;110;2;74;83;2;0;0;0;3;6;95,54;96,04;95,80;94,50;;94,50;95,79
2017;6458;0;ESCUELA BASICA CALOF;9;9116;SAAVEDRA;2;1;1;110;2;20;17;1;0;0;0;1;1;96,85;96,65;96,76;96,00;;96,00;96,74
2018;6458;0;ESCUELA BASICA CALOF;9;9116;SAAVEDRA;6;5;1;110;2;25;20;0;0;0;0;2;0;94,28;96,40;95,22;;;;95,22
2019;6458;0;ESCUELA BASICA CALOF;9;9116;SAAVEDRA;6;5;1;110;2;24;21;0;0;0;0;2;1;96,17;96,43;96,29;;;;96,29
2017;6459;9;ESC. BASICA ANTONIO LADINO;9;9116;SAAVEDRA;2;1;1;110;2;33;26;1;0;0;1;5;4;94,27;95,08;94,63;93,00;;93,00;94,60
2018;6459;9;ESC. BASICA ANTONIO LADINO;9;9116;SAAVEDRA;6;5;1;110;2;32;23;1;0;0;0;2;3;95,06;95,87;95,40;92,00;;92,00;95,34
2019;6459;9;ESC. BASICA ANTONIO LADINO;9;9116;SAAVEDRA;6;5;1;110;2;41;28;0;0;0;0;1;0;94,44;96,25;95,17;;;;95,17
2017;6495;5;ESCUELA RUCA RAQUI;9;9116;SAAVEDRA;2;1;1;110;2;10;24;0;0;0;0;2;1;94,90;95,92;95,62;;;;95,62
2018;6495;5;ESCUELA RUCA RAQUI;9;9116;SAAVEDRA;6;5;1;110;2;13;33;0;0;0;0;2;1;95,85;96,55;96,35;;;;96,35
2019;6495;5;ESCUELA RUCA RAQUI;9;9116;SAAVEDRA;6;5;1;110;2;18;26;0;0;0;0;1;2;99,56;100,00;99,82;;;;99,82
2017;6358;4;ESCUELA BASICA ESTACION TOLTEN;9;9117;TEODORO SCHMIDT;2;1;1;110;2;4;3;0;0;0;0;0;0;99,00;99,33;99,14;;;;99,14
2018;6358;4;ESCUELA BASICA ESTACION TOLTEN;9;9117;TEODORO SCHMIDT;6;5;1;110;2;5;4;0;0;0;0;0;0;99,00;98,25;98,67;;;;98,67
2019;6358;4;ESCUELA BASICA ESTACION TOLTEN;9;9117;TEODORO SCHMIDT;6;5;1;110;2;6;2;0;0;0;0;0;0;94,67;95,50;94,88;;;;94,88
2017;6361;4;ESCUELA DE CAYCHAYEN;9;9117;TEODORO SCHMIDT;2;1;1;110;2;2;0;0;0;0;0;0;0;94,00;;94,00;;;;94,00
2018;6361;4;ESCUELA DE CAYCHAYEN;9;9117;TEODORO SCHMIDT;6;5;1;110;2;2;0;0;0;0;0;0;0;97,50;;97,50;;;;97,50
2019;6361;4;ESCUELA DE CAYCHAYEN;9;9117;TEODORO SCHMIDT;6;5;1;110;2;2;0;0;0;0;0;0;0;91,50;;91,50;;;;91,50
2017;6373;8;ESCUELA PORMA;9;9117;TEODORO SCHMIDT;2;1;1;110;2;13;7;0;0;0;0;0;0;98,92;98,71;98,85;;;;98,85
2018;6373;8;ESCUELA PORMA;9;9117;TEODORO SCHMIDT;6;5;1;110;2;12;6;0;0;0;0;1;0;99,00;97,83;98,61;;;;98,61
2019;6373;8;ESCUELA PORMA;9;9117;TEODORO SCHMIDT;6;5;1;110;2;14;8;0;0;0;0;0;0;98,00;97,38;97,77;;;;97,77
2017;6397;5;LICEO MUNICIPAL BARROS ARANA;9;9117;TEODORO SCHMIDT;2;1;0;110;2;40;44;3;1;0;0;4;3;90,88;92,55;91,75;83,33;32,00;70,50;90,78
2017;6397;5;LICEO MUNICIPAL BARROS ARANA;9;9117;TEODORO SCHMIDT;2;1;0;310;5;19;18;5;2;0;2;2;1;87,47;89,44;88,43;80,20;78,50;79,71;87,05
2017;6397;5;LICEO MUNICIPAL BARROS ARANA;9;9117;TEODORO SCHMIDT;2;1;0;610;7;9;15;2;0;1;1;2;1;83,33;82,40;82,75;68,00;;68,00;81,62
2018;6397;5;LICEO MUNICIPAL BARROS ARANA;9;9117;TEODORO SCHMIDT;6;5;0;110;2;47;43;3;0;0;1;3;7;91,60;91,07;91,34;86,33;;86,33;91,18
2018;6397;5;LICEO MUNICIPAL BARROS ARANA;9;9117;TEODORO SCHMIDT;6;5;0;310;5;18;15;4;1;1;1;0;1;89,94;90,87;90,36;65,25;46,00;61,40;86,55
2018;6397;5;LICEO MUNICIPAL BARROS ARANA;9;9117;TEODORO SCHMIDT;6;5;0;610;7;8;14;3;1;0;2;1;0;85,00;83,43;84,00;69,33;97,00;76,25;82,81
2019;6397;5;LICEO MUNICIPAL BARROS ARANA;9;9117;TEODORO SCHMIDT;6;5;0;110;2;54;48;5;2;1;0;11;9;93,37;94,23;93,77;82,40;65,00;77,43;92,72
2019;6397;5;LICEO MUNICIPAL BARROS ARANA;9;9117;TEODORO SCHMIDT;6;5;0;310;5;16;18;1;0;2;0;3;4;86,75;91,06;89,03;71,00;;71,00;88,51
2019;6397;5;LICEO MUNICIPAL BARROS ARANA;9;9117;TEODORO SCHMIDT;6;5;0;610;7;6;14;0;1;0;3;3;2;86,17;85,43;85,65;;1,00;1,00;81,62
2017;6398;3;COMPLEJO EDUCACIONAL NUEVA ALBORADA;9;9117;TEODORO SCHMIDT;2;1;0;110;2;137;144;0;0;0;0;13;4;94,86;95,60;95,24;;;;95,24
2017;6398;3;COMPLEJO EDUCACIONAL NUEVA ALBORADA;9;9117;TEODORO SCHMIDT;2;1;0;310;5;20;20;2;0;1;0;0;0;94,90;93,35;94,13;64,00;;64,00;92,69
2018;6398;3;COMPLEJO EDUCACIONAL NUEVA ALBORADA;9;9117;TEODORO SCHMIDT;6;5;0;110;2;133;138;0;0;0;0;11;9;92,64;93,95;93,31;;;;93,31
2018;6398;3;COMPLEJO EDUCACIONAL NUEVA ALBORADA;9;9117;TEODORO SCHMIDT;6;5;0;310;5;32;36;1;0;0;0;2;4;94,81;90,86;92,72;78,00;;78,00;92,51
2019;6398;3;COMPLEJO EDUCACIONAL NUEVA ALBORADA;9;9117;TEODORO SCHMIDT;6;5;0;110;2;122;138;0;0;1;0;8;15;95,92;95,83;95,87;;;;95,87
2019;6398;3;COMPLEJO EDUCACIONAL NUEVA ALBORADA;9;9117;TEODORO SCHMIDT;6;5;0;310;5;56;52;0;0;0;0;3;2;95,63;95,56;95,59;;;;95,59
2017;6399;1;ESCUELA HORIZONTES;9;9117;TEODORO SCHMIDT;2;1;0;110;2;87;95;0;0;0;0;9;11;94,14;93,33;93,71;;;;93,71
2018;6399;1;ESCUELA HORIZONTES;9;9117;TEODORO SCHMIDT;6;5;0;110;2;83;94;1;1;1;0;5;6;95,16;94,21;94,66;93,00;85,00;89,00;94,59
2019;6399;1;ESCUELA HORIZONTES;9;9117;TEODORO SCHMIDT;6;5;0;110;2;88;93;0;0;0;0;5;4;94,38;95,02;94,71;;;;94,71
2017;6400;9;ESCUELA ISLA LLICAN;9;9117;TEODORO SCHMIDT;2;1;1;110;2;1;2;0;0;0;0;0;0;95,00;96,50;96,00;;;;96,00
2018;6400;9;ESCUELA ISLA LLICAN;9;9117;TEODORO SCHMIDT;6;5;1;110;2;1;2;0;0;0;0;0;0;86,00;88,00;87,33;;;;87,33
2019;6400;9;ESCUELA ISLA LLICAN;9;9117;TEODORO SCHMIDT;6;5;1;110;2;0;2;0;0;0;0;0;0;;95,50;95,50;;;;95,50
2017;6407;6;ESCUELA NOHUALHUE;9;9117;TEODORO SCHMIDT;2;1;1;110;2;2;3;0;0;0;0;0;0;98,00;99,00;98,60;;;;98,60
2018;6407;6;ESCUELA NOHUALHUE;9;9117;TEODORO SCHMIDT;6;5;1;110;2;3;4;0;0;1;0;0;0;93,67;94,50;94,14;;;;94,14
2019;6407;6;ESCUELA NOHUALHUE;9;9117;TEODORO SCHMIDT;6;5;1;110;2;6;4;0;0;0;0;0;1;98,17;98,75;98,40;;;;98,40
2017;6410;6;ESCUELA MALALHUE;9;9117;TEODORO SCHMIDT;2;1;1;110;2;1;0;0;0;0;0;0;0;99,00;;99,00;;;;99,00
2018;6410;6;ESCUELA MALALHUE;9;9117;TEODORO SCHMIDT;6;5;1;110;2;6;2;0;0;0;0;1;2;97,50;97,00;97,38;;;;97,38
2019;6410;6;ESCUELA MALALHUE;9;9117;TEODORO SCHMIDT;6;5;1;110;2;6;2;0;0;0;0;1;0;97,83;98,00;97,88;;;;97,88
2017;6411;4;ESCUELA PUYEHUE;9;9117;TEODORO SCHMIDT;2;1;1;110;2;5;11;0;0;0;0;0;0;94,20;93,36;93,63;;;;93,63
2018;6411;4;ESCUELA PUYEHUE;9;9117;TEODORO SCHMIDT;6;5;1;110;2;3;13;0;0;0;0;0;0;95,33;93,69;94,00;;;;94,00
2019;6411;4;ESCUELA PUYEHUE;9;9117;TEODORO SCHMIDT;6;5;1;110;2;6;10;0;0;0;0;0;2;91,83;92,50;92,25;;;;92,25
2017;6413;0;ESCUELA DE RUCA-CURA;9;9117;TEODORO SCHMIDT;2;1;1;110;2;4;4;0;0;0;0;1;1;96,00;96,75;96,38;;;;96,38
2018;6413;0;ESCUELA DE RUCA-CURA;9;9117;TEODORO SCHMIDT;6;5;1;110;2;2;0;0;0;0;0;0;0;98,50;;98,50;;;;98,50
2019;6413;0;ESCUELA DE RUCA-CURA;9;9117;TEODORO SCHMIDT;6;5;1;110;2;3;2;0;0;0;0;1;0;97,00;96,50;96,80;;;;96,80
2017;6415;7;ESCUELA LOS TRONCOS;9;9117;TEODORO SCHMIDT;2;1;1;110;2;2;7;0;0;0;0;0;0;96,00;95,71;95,78;;;;95,78
2018;6415;7;ESCUELA LOS TRONCOS;9;9117;TEODORO SCHMIDT;6;5;1;110;2;2;5;0;0;0;0;0;0;92,00;92,60;92,43;;;;92,43
2019;6415;7;ESCUELA LOS TRONCOS;9;9117;TEODORO SCHMIDT;6;5;1;110;2;3;5;0;0;0;0;1;0;95,33;92,40;93,50;;;;93,50
2017;20053;0;LICEO TECNICO PROFESIONAL HUALPIN;9;9117;TEODORO SCHMIDT;2;1;1;510;7;9;0;0;0;1;0;1;0;88,22;;88,22;;;;88,22
2017;20053;0;LICEO TECNICO PROFESIONAL HUALPIN;9;9117;TEODORO SCHMIDT;2;1;1;610;7;28;31;5;2;1;1;3;3;92,43;88,74;90,49;72,60;44,00;64,43;87,73
2018;20053;0;LICEO TECNICO PROFESIONAL HUALPIN;9;9117;TEODORO SCHMIDT;6;5;1;510;7;13;1;0;0;0;0;0;0;87,00;79,00;86,43;;;;86,43
2018;20053;0;LICEO TECNICO PROFESIONAL HUALPIN;9;9117;TEODORO SCHMIDT;6;5;1;610;7;23;30;3;6;2;1;3;1;94,83;89,50;91,81;73,00;70,50;71,33;88,84
2019;20053;0;LICEO TECNICO PROFESIONAL HUALPIN;9;9117;TEODORO SCHMIDT;6;5;1;510;7;17;1;0;0;1;0;0;0;93,18;89,00;92,94;;;;92,94
2019;20053;0;LICEO TECNICO PROFESIONAL HUALPIN;9;9117;TEODORO SCHMIDT;6;5;1;610;7;24;27;0;1;0;3;1;4;93,92;95,56;94,78;;43,00;43,00;93,79
2018;6348;7;COMPLEJO EDUCACIONAL MARTIN KLEINKNECHT;9;9118;TOLT√âN;6;5;0;310;5;71;48;8;2;0;4;6;7;89,86;89,96;89,90;81,13;55,00;75,90;88,81
2018;6348;7;COMPLEJO EDUCACIONAL MARTIN KLEINKNECHT;9;9118;TOLT√âN;6;5;0;363;6;7;16;2;6;1;2;0;1;89,43;89,50;89,48;28,50;32,67;31,63;74,55
2018;6348;7;COMPLEJO EDUCACIONAL MARTIN KLEINKNECHT;9;9118;TOLT√âN;6;5;0;610;7;102;108;15;3;6;2;14;4;89,75;88,77;89,25;80,20;80,67;80,28;88,54
2019;6348;7;COMPLEJO EDUCACIONAL MARTIN KLEINKNECHT;9;9118;TOLT√âN;6;5;0;310;5;64;57;2;0;1;2;3;4;90,02;88,98;89,53;60,50;;60,50;89,06
2019;6348;7;COMPLEJO EDUCACIONAL MARTIN KLEINKNECHT;9;9118;TOLT√âN;6;5;0;363;6;12;30;4;0;13;21;0;0;88,58;88,83;88,76;14,75;;14,75;82,33
2019;6348;7;COMPLEJO EDUCACIONAL MARTIN KLEINKNECHT;9;9118;TOLT√âN;6;5;0;610;7;117;105;9;5;1;1;11;4;90,01;89,55;89,79;71,33;56,00;65,86;88,37
2018;6349;5;ESCUELA AGUAS Y GAVIOTAS;9;9118;TOLT√âN;6;5;0;110;2;134;143;1;0;0;0;11;11;91,90;92,51;92,22;91,00;;91,00;92,21
2019;6349;5;ESCUELA AGUAS Y GAVIOTAS;9;9118;TOLT√âN;6;5;0;110;2;134;145;0;0;0;0;14;12;91,20;92,29;91,77;;;;91,77
2018;6350;9;ESCUELA RAYEN LAFQUEN QUEULE;9;9118;TOLT√âN;6;5;0;110;2;89;82;5;2;0;0;10;5;96,76;97,28;97,01;82,60;80,00;81,86;96,42
2019;6350;9;ESCUELA RAYEN LAFQUEN QUEULE;9;9118;TOLT√âN;6;5;0;110;2;92;80;0;0;0;0;4;10;96,91;97,05;96,98;;;;96,98
2018;6351;7;ESCUELA EL SEMBRADOR;9;9118;TOLT√âN;6;5;1;110;2;48;64;0;0;0;0;0;0;97,40;97,86;97,66;;;;97,66
2019;6351;7;ESCUELA EL SEMBRADOR;9;9118;TOLT√âN;6;5;1;110;2;47;62;0;0;0;0;3;1;96,85;98,27;97,66;;;;97,66
2018;6352;5;ESCUELA AMANECER DE VILLA LOS BOLDOS;9;9118;TOLT√âN;6;5;0;110;2;54;42;0;0;0;0;8;4;98,81;98,57;98,71;;;;98,71
2019;6352;5;ESCUELA AMANECER DE VILLA LOS BOLDOS;9;9118;TOLT√âN;6;5;0;110;2;60;44;0;0;0;0;3;2;97,45;97,18;97,34;;;;97,34
2018;6353;3;ESCUELA SAN PEDRO;9;9118;TOLT√âN;6;5;1;110;2;2;5;0;0;0;0;1;1;95,00;95,00;95,00;;;;95,00
2019;6353;3;ESCUELA SAN PEDRO;9;9118;TOLT√âN;6;5;1;110;2;2;6;0;0;0;0;0;0;92,50;95,00;94,38;;;;94,38
2018;6354;1;ESCUELA LA CASCADA;9;9118;TOLT√âN;6;5;1;110;2;1;1;0;0;0;0;0;0;98,00;97,00;97,50;;;;97,50
2019;6354;1;ESCUELA LA CASCADA;9;9118;TOLT√âN;6;5;1;110;2;0;1;0;0;0;0;0;0;;100,00;100,00;;;;100,00
2018;6363;0;ESCUELA PUCHILCO;9;9118;TOLT√âN;6;5;1;110;2;1;2;0;0;0;0;0;0;100,00;100,00;100,00;;;;100,00
2019;6363;0;ESCUELA PUCHILCO;9;9118;TOLT√âN;6;5;1;110;2;0;3;0;0;0;0;0;0;;100,00;100,00;;;;100,00
2018;6370;3;ESCUELA LA CONCEPCION;9;9118;TOLT√âN;6;5;1;110;2;1;0;0;0;0;0;0;0;100,00;;100,00;;;;100,00
2019;6370;3;ESCUELA LA CONCEPCION;9;9118;TOLT√âN;6;5;1;110;2;1;0;0;0;0;0;0;0;100,00;;100,00;;;;100,00
2018;6371;1;ESCUELA ANTU-LAFQUEN;9;9118;TOLT√âN;6;5;1;110;2;4;2;0;0;0;0;1;1;99,50;98,50;99,17;;;;99,17
2019;6371;1;ESCUELA ANTU-LAFQUEN;9;9118;TOLT√âN;6;5;1;110;2;6;5;0;0;0;0;0;0;99,67;99,60;99,64;;;;99,64
2018;6374;6;ESCUELA BASICA RURAL FLOR DEL VALLE;9;9118;TOLT√âN;6;5;1;110;2;2;4;0;0;0;0;0;0;98,00;98,75;98,50;;;;98,50
2019;6374;6;ESCUELA BASICA RURAL FLOR DEL VALLE;9;9118;TOLT√âN;6;5;1;110;2;2;4;0;0;0;0;0;0;99,00;99,75;99,50;;;;99,50
2018;6377;0;ESCUELA DE CAMAGUEY;9;9118;TOLT√âN;6;5;1;110;2;3;2;0;0;0;0;0;0;99,33;99,00;99,20;;;;99,20
2019;6377;0;ESCUELA DE CAMAGUEY;9;9118;TOLT√âN;6;5;1;110;2;2;2;0;0;0;0;0;2;98,00;98,00;98,00;;;;98,00
2017;6348;7;COMPLEJO EDUCACIONAL MARTIN KLEINKNECHT;9;9118;TOLTEN;2;1;0;310;5;67;56;2;1;2;2;3;5;90,49;89,95;90,24;42,00;14,00;32,67;88,87
2017;6348;7;COMPLEJO EDUCACIONAL MARTIN KLEINKNECHT;9;9118;TOLTEN;2;1;0;610;7;113;105;16;10;3;2;8;13;88,88;88,83;88,85;77,38;66,90;73,35;87,20
2017;6349;5;ESCUELA AGUAS Y GAVIOTAS;9;9118;TOLTEN;2;1;0;110;2;131;140;2;0;0;0;8;12;91,22;92,46;91,86;78,00;;78,00;91,76
2017;6350;9;ESCUELA RAYEN LAFQUEN QUEULE;9;9118;TOLTEN;2;1;0;110;2;88;81;4;1;0;0;5;4;96,81;95,35;96,11;82,50;68,00;79,60;95,63
2017;6351;7;ESCUELA EL SEMBRADOR;9;9118;TOLTEN;2;1;1;110;2;37;63;0;0;0;0;2;3;97,05;97,54;97,36;;;;97,36
2017;6352;5;ESCUELA AMANECER DE VILLA LOS BOLDOS;9;9118;TOLTEN;2;1;0;110;2;59;38;0;0;0;0;1;0;98,76;99,16;98,92;;;;98,92
2017;6353;3;ESCUELA SAN PEDRO;9;9118;TOLTEN;2;1;1;110;2;3;7;0;0;0;0;0;1;95,00;92,86;93,50;;;;93,50
2017;6354;1;ESCUELA LA CASCADA;9;9118;TOLTEN;2;1;1;110;2;1;2;0;0;0;0;0;0;97,00;98,00;97,67;;;;97,67
2017;6363;0;ESCUELA PUCHILCO;9;9118;TOLTEN;2;1;1;110;2;2;3;0;0;0;0;0;0;95,00;95,00;95,00;;;;95,00
2017;6370;3;ESCUELA LA CONCEPCION;9;9118;TOLTEN;2;1;1;110;2;3;1;0;0;0;0;0;0;100,00;100,00;100,00;;;;100,00
2017;6371;1;ESCUELA ANTU-LAFQUEN;9;9118;TOLTEN;2;1;1;110;2;4;4;0;0;0;0;0;3;97,50;98,75;98,13;;;;98,13
2017;6374;6;ESCUELA BASICA RURAL FLOR DEL VALLE;9;9118;TOLTEN;2;1;1;110;2;1;2;0;0;0;0;0;0;98,00;99,50;99,00;;;;99,00
2017;6377;0;ESCUELA DE CAMAGUEY;9;9118;TOLTEN;2;1;1;110;2;4;2;0;0;0;0;0;0;98,00;99,00;98,33;;;;98,33