RBD,COMUNA,AREA,NIVEL,SECTOR,EJE,VALOR
6349,TOLTÉN,URBANO,1° Básico,LENGUAJE,INFORMACION_EXPLICITA,"0,79"
6350,TOLTÉN,URBANO,1° Básico,LENGUAJE,INFORMACION_EXPLICITA,"0,82"
6351,TOLTÉN,RURAL,1° Básico,LENGUAJE,INFORMACION_EXPLICITA,"0,9"
6352,TOLTÉN,URBANO,1° Básico,LENGUAJE,INFORMACION_EXPLICITA,"0,83"
6353,TOLTÉN,RURAL,1° Básico,LENGUAJE,INFORMACION_EXPLICITA,"0,57"
6354,TOLTÉN,RURAL,1° Básico,LENGUAJE,INFORMACION_EXPLICITA,"0,71"
6358,TEODORO SCHMIDT,RURAL,1° Básico,LENGUAJE,INFORMACION_EXPLICITA,
6361,TEODORO SCHMIDT,RURAL,1° Básico,LENGUAJE,INFORMACION_EXPLICITA,1
6370,TOLTÉN,RURAL,1° Básico,LENGUAJE,INFORMACION_EXPLICITA,"0,86"
6371,TOLTÉN,RURAL,1° Básico,LENGUAJE,INFORMACION_EXPLICITA,"0,62"
6373,TEODORO SCHMIDT,RURAL,1° Básico,LENGUAJE,INFORMACION_EXPLICITA,"0,71"
6397,TEODORO SCHMIDT,URBANO,1° Básico,LENGUAJE,INFORMACION_EXPLICITA,"0,86"
6398,TEODORO SCHMIDT,URBANO,1° Básico,LENGUAJE,INFORMACION_EXPLICITA,"0,55"
6399,TEODORO SCHMIDT,URBANO,1° Básico,LENGUAJE,INFORMACION_EXPLICITA,"0,8"
6400,TEODORO SCHMIDT,RURAL,1° Básico,LENGUAJE,INFORMACION_EXPLICITA,"0,71"
6407,TEODORO SCHMIDT,RURAL,1° Básico,LENGUAJE,INFORMACION_EXPLICITA,
6411,TEODORO SCHMIDT,RURAL,1° Básico,LENGUAJE,INFORMACION_EXPLICITA,"0,86"
6413,TEODORO SCHMIDT,RURAL,1° Básico,LENGUAJE,INFORMACION_EXPLICITA,"0,86"
6415,TEODORO SCHMIDT,RURAL,1° Básico,LENGUAJE,INFORMACION_EXPLICITA,"0,79"
6454,SAAVEDRA,RURAL,1° Básico,LENGUAJE,INFORMACION_EXPLICITA,1
6455,SAAVEDRA,RURAL,1° Básico,LENGUAJE,INFORMACION_EXPLICITA,"0,57"
6456,SAAVEDRA,RURAL,1° Básico,LENGUAJE,INFORMACION_EXPLICITA,"0,36"
6457,SAAVEDRA,URBANO,1° Básico,LENGUAJE,INFORMACION_EXPLICITA,"0,78"
6458,SAAVEDRA,RURAL,1° Básico,LENGUAJE,INFORMACION_EXPLICITA,"0,43"
6459,SAAVEDRA,RURAL,1° Básico,LENGUAJE,INFORMACION_EXPLICITA,"0,86"
6495,SAAVEDRA,RURAL,1° Básico,LENGUAJE,INFORMACION_EXPLICITA,"0,91"
6499,CARAHUE,URBANO,1° Básico,LENGUAJE,INFORMACION_EXPLICITA,"0,85"
6500,CARAHUE,URBANO,1° Básico,LENGUAJE,INFORMACION_EXPLICITA,"0,9"
6501,CARAHUE,URBANO,1° Básico,LENGUAJE,INFORMACION_EXPLICITA,"0,85"
6502,CARAHUE,URBANO,1° Básico,LENGUAJE,INFORMACION_EXPLICITA,"0,81"
6504,CARAHUE,RURAL,1° Básico,LENGUAJE,INFORMACION_EXPLICITA,"0,79"
6508,CARAHUE,RURAL,1° Básico,LENGUAJE,INFORMACION_EXPLICITA,"0,86"
6510,CARAHUE,RURAL,1° Básico,LENGUAJE,INFORMACION_EXPLICITA,"0,86"
6512,CARAHUE,RURAL,1° Básico,LENGUAJE,INFORMACION_EXPLICITA,"0,57"
6522,CARAHUE,RURAL,1° Básico,LENGUAJE,INFORMACION_EXPLICITA,"0,57"
6529,CARAHUE,RURAL,1° Básico,LENGUAJE,INFORMACION_EXPLICITA,"0,71"
6539,CARAHUE,RURAL,1° Básico,LENGUAJE,INFORMACION_EXPLICITA,"0,95"
6587,NUEVA IMPERIAL,URBANO,1° Básico,LENGUAJE,INFORMACION_EXPLICITA,"0,81"
6593,NUEVA IMPERIAL,RURAL,1° Básico,LENGUAJE,INFORMACION_EXPLICITA,"0,9"
6600,NUEVA IMPERIAL,RURAL,1° Básico,LENGUAJE,INFORMACION_EXPLICITA,"0,57"
6602,NUEVA IMPERIAL,RURAL,1° Básico,LENGUAJE,INFORMACION_EXPLICITA,"0,86"
6605,NUEVA IMPERIAL,RURAL,1° Básico,LENGUAJE,INFORMACION_EXPLICITA,"0,82"
6608,NUEVA IMPERIAL,RURAL,1° Básico,LENGUAJE,INFORMACION_EXPLICITA,"0,81"
6611,NUEVA IMPERIAL,RURAL,1° Básico,LENGUAJE,INFORMACION_EXPLICITA,"0,86"
6623,NUEVA IMPERIAL,RURAL,1° Básico,LENGUAJE,INFORMACION_EXPLICITA,"0,86"
6628,NUEVA IMPERIAL,RURAL,1° Básico,LENGUAJE,INFORMACION_EXPLICITA,"0,79"
6639,NUEVA IMPERIAL,RURAL,1° Básico,LENGUAJE,INFORMACION_EXPLICITA,"0,76"
6349,TOLTÉN,URBANO,2° Básico,LENGUAJE,INFORMACION_EXPLICITA,"0,88"
6350,TOLTÉN,URBANO,2° Básico,LENGUAJE,INFORMACION_EXPLICITA,"0,82"
6351,TOLTÉN,RURAL,2° Básico,LENGUAJE,INFORMACION_EXPLICITA,"0,96"
6352,TOLTÉN,URBANO,2° Básico,LENGUAJE,INFORMACION_EXPLICITA,"0,8"
6353,TOLTÉN,RURAL,2° Básico,LENGUAJE,INFORMACION_EXPLICITA,"0,91"
6358,TEODORO SCHMIDT,RURAL,2° Básico,LENGUAJE,INFORMACION_EXPLICITA,"0,75"
6371,TOLTÉN,RURAL,2° Básico,LENGUAJE,INFORMACION_EXPLICITA,"0,71"
6373,TEODORO SCHMIDT,RURAL,2° Básico,LENGUAJE,INFORMACION_EXPLICITA,"0,46"
6374,TOLTÉN,RURAL,2° Básico,LENGUAJE,INFORMACION_EXPLICITA,"0,88"
6397,TEODORO SCHMIDT,URBANO,2° Básico,LENGUAJE,INFORMACION_EXPLICITA,"0,73"
6398,TEODORO SCHMIDT,URBANO,2° Básico,LENGUAJE,INFORMACION_EXPLICITA,"0,61"
6399,TEODORO SCHMIDT,URBANO,2° Básico,LENGUAJE,INFORMACION_EXPLICITA,"0,88"
6400,TEODORO SCHMIDT,RURAL,2° Básico,LENGUAJE,INFORMACION_EXPLICITA,"0,69"
6407,TEODORO SCHMIDT,RURAL,2° Básico,LENGUAJE,INFORMACION_EXPLICITA,"0,5"
6411,TEODORO SCHMIDT,RURAL,2° Básico,LENGUAJE,INFORMACION_EXPLICITA,"0,71"
6413,TEODORO SCHMIDT,RURAL,2° Básico,LENGUAJE,INFORMACION_EXPLICITA,"0,88"
6454,SAAVEDRA,RURAL,2° Básico,LENGUAJE,INFORMACION_EXPLICITA,"0,88"
6455,SAAVEDRA,RURAL,2° Básico,LENGUAJE,INFORMACION_EXPLICITA,"0,68"
6456,SAAVEDRA,RURAL,2° Básico,LENGUAJE,INFORMACION_EXPLICITA,"0,19"
6457,SAAVEDRA,URBANO,2° Básico,LENGUAJE,INFORMACION_EXPLICITA,"0,78"
6458,SAAVEDRA,RURAL,2° Básico,LENGUAJE,INFORMACION_EXPLICITA,"0,77"
6459,SAAVEDRA,RURAL,2° Básico,LENGUAJE,INFORMACION_EXPLICITA,"0,75"
6495,SAAVEDRA,RURAL,2° Básico,LENGUAJE,INFORMACION_EXPLICITA,"0,86"
6499,CARAHUE,URBANO,2° Básico,LENGUAJE,INFORMACION_EXPLICITA,"0,85"
6500,CARAHUE,URBANO,2° Básico,LENGUAJE,INFORMACION_EXPLICITA,"0,83"
6501,CARAHUE,URBANO,2° Básico,LENGUAJE,INFORMACION_EXPLICITA,"0,9"
6502,CARAHUE,URBANO,2° Básico,LENGUAJE,INFORMACION_EXPLICITA,"0,93"
6504,CARAHUE,RURAL,2° Básico,LENGUAJE,INFORMACION_EXPLICITA,"0,81"
6506,CARAHUE,RURAL,2° Básico,LENGUAJE,INFORMACION_EXPLICITA,1
6522,CARAHUE,RURAL,2° Básico,LENGUAJE,INFORMACION_EXPLICITA,"0,88"
6523,CARAHUE,RURAL,2° Básico,LENGUAJE,INFORMACION_EXPLICITA,"0,88"
6524,CARAHUE,RURAL,2° Básico,LENGUAJE,INFORMACION_EXPLICITA,"0,88"
6528,CARAHUE,RURAL,2° Básico,LENGUAJE,INFORMACION_EXPLICITA,"0,85"
6539,CARAHUE,RURAL,2° Básico,LENGUAJE,INFORMACION_EXPLICITA,"0,97"
6587,NUEVA IMPERIAL,URBANO,2° Básico,LENGUAJE,INFORMACION_EXPLICITA,"0,8"
6593,NUEVA IMPERIAL,RURAL,2° Básico,LENGUAJE,INFORMACION_EXPLICITA,"0,85"
6600,NUEVA IMPERIAL,RURAL,2° Básico,LENGUAJE,INFORMACION_EXPLICITA,"0,88"
6605,NUEVA IMPERIAL,RURAL,2° Básico,LENGUAJE,INFORMACION_EXPLICITA,"0,81"
6608,NUEVA IMPERIAL,RURAL,2° Básico,LENGUAJE,INFORMACION_EXPLICITA,"0,75"
6611,NUEVA IMPERIAL,RURAL,2° Básico,LENGUAJE,INFORMACION_EXPLICITA,"0,88"
6623,NUEVA IMPERIAL,RURAL,2° Básico,LENGUAJE,INFORMACION_EXPLICITA,"0,81"
6628,NUEVA IMPERIAL,RURAL,2° Básico,LENGUAJE,INFORMACION_EXPLICITA,"0,44"
6635,NUEVA IMPERIAL,RURAL,2° Básico,LENGUAJE,INFORMACION_EXPLICITA,"0,94"
6639,NUEVA IMPERIAL,RURAL,2° Básico,LENGUAJE,INFORMACION_EXPLICITA,"0,75"
6349,TOLTÉN,URBANO,3° Básico,LENGUAJE,INFORMACION_EXPLICITA,"0,79"
6350,TOLTÉN,URBANO,3° Básico,LENGUAJE,INFORMACION_EXPLICITA,"0,7"
6351,TOLTÉN,RURAL,3° Básico,LENGUAJE,INFORMACION_EXPLICITA,"0,69"
6352,TOLTÉN,URBANO,3° Básico,LENGUAJE,INFORMACION_EXPLICITA,"0,71"
6353,TOLTÉN,RURAL,3° Básico,LENGUAJE,INFORMACION_EXPLICITA,"0,63"
6354,TOLTÉN,RURAL,3° Básico,LENGUAJE,INFORMACION_EXPLICITA,"0,75"
6358,TEODORO SCHMIDT,RURAL,3° Básico,LENGUAJE,INFORMACION_EXPLICITA,"0,56"
6371,TOLTÉN,RURAL,3° Básico,LENGUAJE,INFORMACION_EXPLICITA,"0,38"
6373,TEODORO SCHMIDT,RURAL,3° Básico,LENGUAJE,INFORMACION_EXPLICITA,"0,56"
6397,TEODORO SCHMIDT,URBANO,3° Básico,LENGUAJE,INFORMACION_EXPLICITA,"0,77"
6398,TEODORO SCHMIDT,URBANO,3° Básico,LENGUAJE,INFORMACION_EXPLICITA,"0,5"
6399,TEODORO SCHMIDT,URBANO,3° Básico,LENGUAJE,INFORMACION_EXPLICITA,"0,77"
6400,TEODORO SCHMIDT,RURAL,3° Básico,LENGUAJE,INFORMACION_EXPLICITA,"0,5"
6407,TEODORO SCHMIDT,RURAL,3° Básico,LENGUAJE,INFORMACION_EXPLICITA,"0,63"
6410,TEODORO SCHMIDT,RURAL,3° Básico,LENGUAJE,INFORMACION_EXPLICITA,"0,75"
6411,TEODORO SCHMIDT,RURAL,3° Básico,LENGUAJE,INFORMACION_EXPLICITA,1
6413,TEODORO SCHMIDT,RURAL,3° Básico,LENGUAJE,INFORMACION_EXPLICITA,"0,88"
6415,TEODORO SCHMIDT,RURAL,3° Básico,LENGUAJE,INFORMACION_EXPLICITA,"0,88"
6454,SAAVEDRA,RURAL,3° Básico,LENGUAJE,INFORMACION_EXPLICITA,"0,84"
6455,SAAVEDRA,RURAL,3° Básico,LENGUAJE,INFORMACION_EXPLICITA,"0,58"
6456,SAAVEDRA,RURAL,3° Básico,LENGUAJE,INFORMACION_EXPLICITA,"0,38"
6457,SAAVEDRA,URBANO,3° Básico,LENGUAJE,INFORMACION_EXPLICITA,"0,73"
6458,SAAVEDRA,RURAL,3° Básico,LENGUAJE,INFORMACION_EXPLICITA,"0,31"
6459,SAAVEDRA,RURAL,3° Básico,LENGUAJE,INFORMACION_EXPLICITA,"0,71"
6495,SAAVEDRA,RURAL,3° Básico,LENGUAJE,INFORMACION_EXPLICITA,"0,77"
6499,CARAHUE,URBANO,3° Básico,LENGUAJE,INFORMACION_EXPLICITA,"0,74"
6500,CARAHUE,URBANO,3° Básico,LENGUAJE,INFORMACION_EXPLICITA,"0,69"
6501,CARAHUE,URBANO,3° Básico,LENGUAJE,INFORMACION_EXPLICITA,"0,76"
6502,CARAHUE,URBANO,3° Básico,LENGUAJE,INFORMACION_EXPLICITA,"0,66"
6504,CARAHUE,RURAL,3° Básico,LENGUAJE,INFORMACION_EXPLICITA,"0,66"
6512,CARAHUE,RURAL,3° Básico,LENGUAJE,INFORMACION_EXPLICITA,"0,75"
6521,CARAHUE,RURAL,3° Básico,LENGUAJE,INFORMACION_EXPLICITA,"0,75"
6523,CARAHUE,RURAL,3° Básico,LENGUAJE,INFORMACION_EXPLICITA,"0,88"
6524,CARAHUE,RURAL,3° Básico,LENGUAJE,INFORMACION_EXPLICITA,"0,5"
6526,CARAHUE,RURAL,3° Básico,LENGUAJE,INFORMACION_EXPLICITA,"0,75"
6528,CARAHUE,RURAL,3° Básico,LENGUAJE,INFORMACION_EXPLICITA,"0,78"
6529,CARAHUE,RURAL,3° Básico,LENGUAJE,INFORMACION_EXPLICITA,"0,63"
6587,NUEVA IMPERIAL,URBANO,3° Básico,LENGUAJE,INFORMACION_EXPLICITA,"0,69"
6593,NUEVA IMPERIAL,RURAL,3° Básico,LENGUAJE,INFORMACION_EXPLICITA,"0,74"
6602,NUEVA IMPERIAL,RURAL,3° Básico,LENGUAJE,INFORMACION_EXPLICITA,1
6605,NUEVA IMPERIAL,RURAL,3° Básico,LENGUAJE,INFORMACION_EXPLICITA,"0,44"
6608,NUEVA IMPERIAL,RURAL,3° Básico,LENGUAJE,INFORMACION_EXPLICITA,"0,54"
6611,NUEVA IMPERIAL,RURAL,3° Básico,LENGUAJE,INFORMACION_EXPLICITA,"0,71"
6623,NUEVA IMPERIAL,RURAL,3° Básico,LENGUAJE,INFORMACION_EXPLICITA,"0,75"
6628,NUEVA IMPERIAL,RURAL,3° Básico,LENGUAJE,INFORMACION_EXPLICITA,"0,81"
6635,NUEVA IMPERIAL,RURAL,3° Básico,LENGUAJE,INFORMACION_EXPLICITA,"0,5"
6349,TOLTÉN,URBANO,1° Básico,LENGUAJE,INFORMACION IMPLICITA,"0,8"
6350,TOLTÉN,URBANO,1° Básico,LENGUAJE,INFORMACION IMPLICITA,"0,9"
6351,TOLTÉN,RURAL,1° Básico,LENGUAJE,INFORMACION IMPLICITA,"0,79"
6352,TOLTÉN,URBANO,1° Básico,LENGUAJE,INFORMACION IMPLICITA,"0,81"
6353,TOLTÉN,RURAL,1° Básico,LENGUAJE,INFORMACION IMPLICITA,"0,89"
6354,TOLTÉN,RURAL,1° Básico,LENGUAJE,INFORMACION IMPLICITA,"0,89"
6358,TEODORO SCHMIDT,RURAL,1° Básico,LENGUAJE,INFORMACION IMPLICITA,
6361,TEODORO SCHMIDT,RURAL,1° Básico,LENGUAJE,INFORMACION IMPLICITA,"0,78"
6370,TOLTÉN,RURAL,1° Básico,LENGUAJE,INFORMACION IMPLICITA,1
6371,TOLTÉN,RURAL,1° Básico,LENGUAJE,INFORMACION IMPLICITA,"0,63"
6373,TEODORO SCHMIDT,RURAL,1° Básico,LENGUAJE,INFORMACION IMPLICITA,"0,67"
6397,TEODORO SCHMIDT,URBANO,1° Básico,LENGUAJE,INFORMACION IMPLICITA,"0,91"
6398,TEODORO SCHMIDT,URBANO,1° Básico,LENGUAJE,INFORMACION IMPLICITA,"0,68"
6399,TEODORO SCHMIDT,URBANO,1° Básico,LENGUAJE,INFORMACION IMPLICITA,"0,81"
6400,TEODORO SCHMIDT,RURAL,1° Básico,LENGUAJE,INFORMACION IMPLICITA,"0,78"
6407,TEODORO SCHMIDT,RURAL,1° Básico,LENGUAJE,INFORMACION IMPLICITA,
6411,TEODORO SCHMIDT,RURAL,1° Básico,LENGUAJE,INFORMACION IMPLICITA,"0,89"
6413,TEODORO SCHMIDT,RURAL,1° Básico,LENGUAJE,INFORMACION IMPLICITA,"0,89"
6415,TEODORO SCHMIDT,RURAL,1° Básico,LENGUAJE,INFORMACION IMPLICITA,"0,94"
6454,SAAVEDRA,RURAL,1° Básico,LENGUAJE,INFORMACION IMPLICITA,"0,83"
6455,SAAVEDRA,RURAL,1° Básico,LENGUAJE,INFORMACION IMPLICITA,"0,67"
6456,SAAVEDRA,RURAL,1° Básico,LENGUAJE,INFORMACION IMPLICITA,"0,33"
6457,SAAVEDRA,URBANO,1° Básico,LENGUAJE,INFORMACION IMPLICITA,"0,78"
6458,SAAVEDRA,RURAL,1° Básico,LENGUAJE,INFORMACION IMPLICITA,"0,33"
6459,SAAVEDRA,RURAL,1° Básico,LENGUAJE,INFORMACION IMPLICITA,"0,85"
6495,SAAVEDRA,RURAL,1° Básico,LENGUAJE,INFORMACION IMPLICITA,"0,84"
6499,CARAHUE,URBANO,1° Básico,LENGUAJE,INFORMACION IMPLICITA,"0,86"
6500,CARAHUE,URBANO,1° Básico,LENGUAJE,INFORMACION IMPLICITA,"0,87"
6501,CARAHUE,URBANO,1° Básico,LENGUAJE,INFORMACION IMPLICITA,"0,82"
6502,CARAHUE,URBANO,1° Básico,LENGUAJE,INFORMACION IMPLICITA,"0,83"
6504,CARAHUE,RURAL,1° Básico,LENGUAJE,INFORMACION IMPLICITA,"0,75"
6508,CARAHUE,RURAL,1° Básico,LENGUAJE,INFORMACION IMPLICITA,"0,56"
6510,CARAHUE,RURAL,1° Básico,LENGUAJE,INFORMACION IMPLICITA,"0,89"
6512,CARAHUE,RURAL,1° Básico,LENGUAJE,INFORMACION IMPLICITA,"0,56"
6522,CARAHUE,RURAL,1° Básico,LENGUAJE,INFORMACION IMPLICITA,"0,78"
6529,CARAHUE,RURAL,1° Básico,LENGUAJE,INFORMACION IMPLICITA,"0,67"
6539,CARAHUE,RURAL,1° Básico,LENGUAJE,INFORMACION IMPLICITA,"0,76"
6587,NUEVA IMPERIAL,URBANO,1° Básico,LENGUAJE,INFORMACION IMPLICITA,"0,81"
6593,NUEVA IMPERIAL,RURAL,1° Básico,LENGUAJE,INFORMACION IMPLICITA,"0,86"
6600,NUEVA IMPERIAL,RURAL,1° Básico,LENGUAJE,INFORMACION IMPLICITA,"0,56"
6602,NUEVA IMPERIAL,RURAL,1° Básico,LENGUAJE,INFORMACION IMPLICITA,"0,76"
6605,NUEVA IMPERIAL,RURAL,1° Básico,LENGUAJE,INFORMACION IMPLICITA,"0,72"
6608,NUEVA IMPERIAL,RURAL,1° Básico,LENGUAJE,INFORMACION IMPLICITA,"0,78"
6611,NUEVA IMPERIAL,RURAL,1° Básico,LENGUAJE,INFORMACION IMPLICITA,1
6623,NUEVA IMPERIAL,RURAL,1° Básico,LENGUAJE,INFORMACION IMPLICITA,"0,85"
6628,NUEVA IMPERIAL,RURAL,1° Básico,LENGUAJE,INFORMACION IMPLICITA,"0,72"
6639,NUEVA IMPERIAL,RURAL,1° Básico,LENGUAJE,INFORMACION IMPLICITA,"0,8"
6349,TOLTÉN,URBANO,2° Básico,LENGUAJE,INFORMACION IMPLICITA,"0,83"
6350,TOLTÉN,URBANO,2° Básico,LENGUAJE,INFORMACION IMPLICITA,"0,75"
6351,TOLTÉN,RURAL,2° Básico,LENGUAJE,INFORMACION IMPLICITA,"0,7"
6352,TOLTÉN,URBANO,2° Básico,LENGUAJE,INFORMACION IMPLICITA,"0,67"
6353,TOLTÉN,RURAL,2° Básico,LENGUAJE,INFORMACION IMPLICITA,"0,67"
6358,TEODORO SCHMIDT,RURAL,2° Básico,LENGUAJE,INFORMACION IMPLICITA,"0,89"
6371,TOLTÉN,RURAL,2° Básico,LENGUAJE,INFORMACION IMPLICITA,"0,59"
6373,TEODORO SCHMIDT,RURAL,2° Básico,LENGUAJE,INFORMACION IMPLICITA,"0,37"
6374,TOLTÉN,RURAL,2° Básico,LENGUAJE,INFORMACION IMPLICITA,"0,78"
6397,TEODORO SCHMIDT,URBANO,2° Básico,LENGUAJE,INFORMACION IMPLICITA,"0,71"
6398,TEODORO SCHMIDT,URBANO,2° Básico,LENGUAJE,INFORMACION IMPLICITA,"0,5"
6399,TEODORO SCHMIDT,URBANO,2° Básico,LENGUAJE,INFORMACION IMPLICITA,"0,79"
6400,TEODORO SCHMIDT,RURAL,2° Básico,LENGUAJE,INFORMACION IMPLICITA,"0,56"
6407,TEODORO SCHMIDT,RURAL,2° Básico,LENGUAJE,INFORMACION IMPLICITA,"0,36"
6411,TEODORO SCHMIDT,RURAL,2° Básico,LENGUAJE,INFORMACION IMPLICITA,"0,67"
6413,TEODORO SCHMIDT,RURAL,2° Básico,LENGUAJE,INFORMACION IMPLICITA,"0,94"
6454,SAAVEDRA,RURAL,2° Básico,LENGUAJE,INFORMACION IMPLICITA,"0,78"
6455,SAAVEDRA,RURAL,2° Básico,LENGUAJE,INFORMACION IMPLICITA,"0,56"
6456,SAAVEDRA,RURAL,2° Básico,LENGUAJE,INFORMACION IMPLICITA,"0,11"
6457,SAAVEDRA,URBANO,2° Básico,LENGUAJE,INFORMACION IMPLICITA,"0,67"
6458,SAAVEDRA,RURAL,2° Básico,LENGUAJE,INFORMACION IMPLICITA,"0,65"
6459,SAAVEDRA,RURAL,2° Básico,LENGUAJE,INFORMACION IMPLICITA,"0,61"
6495,SAAVEDRA,RURAL,2° Básico,LENGUAJE,INFORMACION IMPLICITA,"0,71"
6499,CARAHUE,URBANO,2° Básico,LENGUAJE,INFORMACION IMPLICITA,"0,81"
6500,CARAHUE,URBANO,2° Básico,LENGUAJE,INFORMACION IMPLICITA,"0,66"
6501,CARAHUE,URBANO,2° Básico,LENGUAJE,INFORMACION IMPLICITA,"0,76"
6502,CARAHUE,URBANO,2° Básico,LENGUAJE,INFORMACION IMPLICITA,"0,69"
6504,CARAHUE,RURAL,2° Básico,LENGUAJE,INFORMACION IMPLICITA,"0,58"
6506,CARAHUE,RURAL,2° Básico,LENGUAJE,INFORMACION IMPLICITA,"0,89"
6522,CARAHUE,RURAL,2° Básico,LENGUAJE,INFORMACION IMPLICITA,"0,78"
6523,CARAHUE,RURAL,2° Básico,LENGUAJE,INFORMACION IMPLICITA,"0,78"
6524,CARAHUE,RURAL,2° Básico,LENGUAJE,INFORMACION IMPLICITA,"0,61"
6528,CARAHUE,RURAL,2° Básico,LENGUAJE,INFORMACION IMPLICITA,"0,78"
6539,CARAHUE,RURAL,2° Básico,LENGUAJE,INFORMACION IMPLICITA,"0,72"
6587,NUEVA IMPERIAL,URBANO,2° Básico,LENGUAJE,INFORMACION IMPLICITA,"0,71"
6593,NUEVA IMPERIAL,RURAL,2° Básico,LENGUAJE,INFORMACION IMPLICITA,"0,81"
6600,NUEVA IMPERIAL,RURAL,2° Básico,LENGUAJE,INFORMACION IMPLICITA,"0,81"
6605,NUEVA IMPERIAL,RURAL,2° Básico,LENGUAJE,INFORMACION IMPLICITA,"0,78"
6608,NUEVA IMPERIAL,RURAL,2° Básico,LENGUAJE,INFORMACION IMPLICITA,"0,59"
6611,NUEVA IMPERIAL,RURAL,2° Básico,LENGUAJE,INFORMACION IMPLICITA,"0,61"
6623,NUEVA IMPERIAL,RURAL,2° Básico,LENGUAJE,INFORMACION IMPLICITA,"0,56"
6628,NUEVA IMPERIAL,RURAL,2° Básico,LENGUAJE,INFORMACION IMPLICITA,"0,67"
6635,NUEVA IMPERIAL,RURAL,2° Básico,LENGUAJE,INFORMACION IMPLICITA,"0,56"
6639,NUEVA IMPERIAL,RURAL,2° Básico,LENGUAJE,INFORMACION IMPLICITA,"0,78"
6349,TOLTÉN,URBANO,3° Básico,LENGUAJE,INFORMACION IMPLICITA,"0,7"
6350,TOLTÉN,URBANO,3° Básico,LENGUAJE,INFORMACION IMPLICITA,"0,64"
6351,TOLTÉN,RURAL,3° Básico,LENGUAJE,INFORMACION IMPLICITA,"0,68"
6352,TOLTÉN,URBANO,3° Básico,LENGUAJE,INFORMACION IMPLICITA,"0,73"
6353,TOLTÉN,RURAL,3° Básico,LENGUAJE,INFORMACION IMPLICITA,"0,7"
6354,TOLTÉN,RURAL,3° Básico,LENGUAJE,INFORMACION IMPLICITA,1
6358,TEODORO SCHMIDT,RURAL,3° Básico,LENGUAJE,INFORMACION IMPLICITA,"0,45"
6371,TOLTÉN,RURAL,3° Básico,LENGUAJE,INFORMACION IMPLICITA,"0,45"
6373,TEODORO SCHMIDT,RURAL,3° Básico,LENGUAJE,INFORMACION IMPLICITA,"0,65"
6397,TEODORO SCHMIDT,URBANO,3° Básico,LENGUAJE,INFORMACION IMPLICITA,"0,73"
6398,TEODORO SCHMIDT,URBANO,3° Básico,LENGUAJE,INFORMACION IMPLICITA,"0,47"
6399,TEODORO SCHMIDT,URBANO,3° Básico,LENGUAJE,INFORMACION IMPLICITA,"0,72"
6400,TEODORO SCHMIDT,RURAL,3° Básico,LENGUAJE,INFORMACION IMPLICITA,"0,5"
6407,TEODORO SCHMIDT,RURAL,3° Básico,LENGUAJE,INFORMACION IMPLICITA,"0,2"
6410,TEODORO SCHMIDT,RURAL,3° Básico,LENGUAJE,INFORMACION IMPLICITA,"0,6"
6411,TEODORO SCHMIDT,RURAL,3° Básico,LENGUAJE,INFORMACION IMPLICITA,"0,95"
6413,TEODORO SCHMIDT,RURAL,3° Básico,LENGUAJE,INFORMACION IMPLICITA,"0,7"
6415,TEODORO SCHMIDT,RURAL,3° Básico,LENGUAJE,INFORMACION IMPLICITA,"0,8"
6454,SAAVEDRA,RURAL,3° Básico,LENGUAJE,INFORMACION IMPLICITA,"0,66"
6455,SAAVEDRA,RURAL,3° Básico,LENGUAJE,INFORMACION IMPLICITA,"0,43"
6456,SAAVEDRA,RURAL,3° Básico,LENGUAJE,INFORMACION IMPLICITA,"0,4"
6457,SAAVEDRA,URBANO,3° Básico,LENGUAJE,INFORMACION IMPLICITA,"0,69"
6458,SAAVEDRA,RURAL,3° Básico,LENGUAJE,INFORMACION IMPLICITA,"0,18"
6459,SAAVEDRA,RURAL,3° Básico,LENGUAJE,INFORMACION IMPLICITA,"0,73"
6495,SAAVEDRA,RURAL,3° Básico,LENGUAJE,INFORMACION IMPLICITA,"0,72"
6499,CARAHUE,URBANO,3° Básico,LENGUAJE,INFORMACION IMPLICITA,"0,64"
6500,CARAHUE,URBANO,3° Básico,LENGUAJE,INFORMACION IMPLICITA,"0,66"
6501,CARAHUE,URBANO,3° Básico,LENGUAJE,INFORMACION IMPLICITA,"0,72"
6502,CARAHUE,URBANO,3° Básico,LENGUAJE,INFORMACION IMPLICITA,"0,65"
6504,CARAHUE,RURAL,3° Básico,LENGUAJE,INFORMACION IMPLICITA,"0,52"
6512,CARAHUE,RURAL,3° Básico,LENGUAJE,INFORMACION IMPLICITA,"0,4"
6521,CARAHUE,RURAL,3° Básico,LENGUAJE,INFORMACION IMPLICITA,"0,8"
6523,CARAHUE,RURAL,3° Básico,LENGUAJE,INFORMACION IMPLICITA,"0,8"
6524,CARAHUE,RURAL,3° Básico,LENGUAJE,INFORMACION IMPLICITA,"0,6"
6526,CARAHUE,RURAL,3° Básico,LENGUAJE,INFORMACION IMPLICITA,"0,7"
6528,CARAHUE,RURAL,3° Básico,LENGUAJE,INFORMACION IMPLICITA,"0,69"
6529,CARAHUE,RURAL,3° Básico,LENGUAJE,INFORMACION IMPLICITA,"0,5"
6587,NUEVA IMPERIAL,URBANO,3° Básico,LENGUAJE,INFORMACION IMPLICITA,"0,61"
6593,NUEVA IMPERIAL,RURAL,3° Básico,LENGUAJE,INFORMACION IMPLICITA,"0,67"
6602,NUEVA IMPERIAL,RURAL,3° Básico,LENGUAJE,INFORMACION IMPLICITA,"0,6"
6605,NUEVA IMPERIAL,RURAL,3° Básico,LENGUAJE,INFORMACION IMPLICITA,"0,45"
6608,NUEVA IMPERIAL,RURAL,3° Básico,LENGUAJE,INFORMACION IMPLICITA,"0,53"
6611,NUEVA IMPERIAL,RURAL,3° Básico,LENGUAJE,INFORMACION IMPLICITA,"0,77"
6623,NUEVA IMPERIAL,RURAL,3° Básico,LENGUAJE,INFORMACION IMPLICITA,1
6628,NUEVA IMPERIAL,RURAL,3° Básico,LENGUAJE,INFORMACION IMPLICITA,"0,6"
6635,NUEVA IMPERIAL,RURAL,3° Básico,LENGUAJE,INFORMACION IMPLICITA,"0,8"
6349,TOLTÉN,URBANO,1° Básico,LENGUAJE,SENTIDO GLOBAL,"0,86"
6350,TOLTÉN,URBANO,1° Básico,LENGUAJE,SENTIDO GLOBAL,"0,85"
6351,TOLTÉN,RURAL,1° Básico,LENGUAJE,SENTIDO GLOBAL,"0,97"
6352,TOLTÉN,URBANO,1° Básico,LENGUAJE,SENTIDO GLOBAL,"0,87"
6353,TOLTÉN,RURAL,1° Básico,LENGUAJE,SENTIDO GLOBAL,1
6354,TOLTÉN,RURAL,1° Básico,LENGUAJE,SENTIDO GLOBAL,1
6358,TEODORO SCHMIDT,RURAL,1° Básico,LENGUAJE,SENTIDO GLOBAL,
6361,TEODORO SCHMIDT,RURAL,1° Básico,LENGUAJE,SENTIDO GLOBAL,1
6370,TOLTÉN,RURAL,1° Básico,LENGUAJE,SENTIDO GLOBAL,1
6371,TOLTÉN,RURAL,1° Básico,LENGUAJE,SENTIDO GLOBAL,"0,67"
6373,TEODORO SCHMIDT,RURAL,1° Básico,LENGUAJE,SENTIDO GLOBAL,"0,6"
6397,TEODORO SCHMIDT,URBANO,1° Básico,LENGUAJE,SENTIDO GLOBAL,"0,94"
6398,TEODORO SCHMIDT,URBANO,1° Básico,LENGUAJE,SENTIDO GLOBAL,"0,72"
6399,TEODORO SCHMIDT,URBANO,1° Básico,LENGUAJE,SENTIDO GLOBAL,"0,97"
6400,TEODORO SCHMIDT,RURAL,1° Básico,LENGUAJE,SENTIDO GLOBAL,1
6407,TEODORO SCHMIDT,RURAL,1° Básico,LENGUAJE,SENTIDO GLOBAL,
6411,TEODORO SCHMIDT,RURAL,1° Básico,LENGUAJE,SENTIDO GLOBAL,"0,8"
6413,TEODORO SCHMIDT,RURAL,1° Básico,LENGUAJE,SENTIDO GLOBAL,1
6415,TEODORO SCHMIDT,RURAL,1° Básico,LENGUAJE,SENTIDO GLOBAL,"0,9"
6454,SAAVEDRA,RURAL,1° Básico,LENGUAJE,SENTIDO GLOBAL,1
6455,SAAVEDRA,RURAL,1° Básico,LENGUAJE,SENTIDO GLOBAL,"0,6"
6456,SAAVEDRA,RURAL,1° Básico,LENGUAJE,SENTIDO GLOBAL,"0,6"
6457,SAAVEDRA,URBANO,1° Básico,LENGUAJE,SENTIDO GLOBAL,"0,74"
6458,SAAVEDRA,RURAL,1° Básico,LENGUAJE,SENTIDO GLOBAL,"0,13"
6459,SAAVEDRA,RURAL,1° Básico,LENGUAJE,SENTIDO GLOBAL,"0,87"
6495,SAAVEDRA,RURAL,1° Básico,LENGUAJE,SENTIDO GLOBAL,"0,88"
6499,CARAHUE,URBANO,1° Básico,LENGUAJE,SENTIDO GLOBAL,"0,92"
6500,CARAHUE,URBANO,1° Básico,LENGUAJE,SENTIDO GLOBAL,"0,94"
6501,CARAHUE,URBANO,1° Básico,LENGUAJE,SENTIDO GLOBAL,"0,88"
6502,CARAHUE,URBANO,1° Básico,LENGUAJE,SENTIDO GLOBAL,"0,8"
6504,CARAHUE,RURAL,1° Básico,LENGUAJE,SENTIDO GLOBAL,"0,82"
6508,CARAHUE,RURAL,1° Básico,LENGUAJE,SENTIDO GLOBAL,"0,8"
6510,CARAHUE,RURAL,1° Básico,LENGUAJE,SENTIDO GLOBAL,1
6512,CARAHUE,RURAL,1° Básico,LENGUAJE,SENTIDO GLOBAL,"0,4"
6522,CARAHUE,RURAL,1° Básico,LENGUAJE,SENTIDO GLOBAL,"0,8"
6529,CARAHUE,RURAL,1° Básico,LENGUAJE,SENTIDO GLOBAL,1
6539,CARAHUE,RURAL,1° Básico,LENGUAJE,SENTIDO GLOBAL,"0,87"
6587,NUEVA IMPERIAL,URBANO,1° Básico,LENGUAJE,SENTIDO GLOBAL,"0,89"
6593,NUEVA IMPERIAL,RURAL,1° Básico,LENGUAJE,SENTIDO GLOBAL,"0,94"
6600,NUEVA IMPERIAL,RURAL,1° Básico,LENGUAJE,SENTIDO GLOBAL,1
6602,NUEVA IMPERIAL,RURAL,1° Básico,LENGUAJE,SENTIDO GLOBAL,"0,84"
6605,NUEVA IMPERIAL,RURAL,1° Básico,LENGUAJE,SENTIDO GLOBAL,"0,75"
6608,NUEVA IMPERIAL,RURAL,1° Básico,LENGUAJE,SENTIDO GLOBAL,"0,93"
6611,NUEVA IMPERIAL,RURAL,1° Básico,LENGUAJE,SENTIDO GLOBAL,1
6623,NUEVA IMPERIAL,RURAL,1° Básico,LENGUAJE,SENTIDO GLOBAL,"0,6"
6628,NUEVA IMPERIAL,RURAL,1° Básico,LENGUAJE,SENTIDO GLOBAL,"0,77"
6639,NUEVA IMPERIAL,RURAL,1° Básico,LENGUAJE,SENTIDO GLOBAL,"0,8"
6349,TOLTÉN,URBANO,2° Básico,LENGUAJE,SENTIDO GLOBAL,"0,89"
6350,TOLTÉN,URBANO,2° Básico,LENGUAJE,SENTIDO GLOBAL,"0,87"
6351,TOLTÉN,RURAL,2° Básico,LENGUAJE,SENTIDO GLOBAL,"0,8"
6352,TOLTÉN,URBANO,2° Básico,LENGUAJE,SENTIDO GLOBAL,"0,75"
6353,TOLTÉN,RURAL,2° Básico,LENGUAJE,SENTIDO GLOBAL,"0,7"
6358,TEODORO SCHMIDT,RURAL,2° Básico,LENGUAJE,SENTIDO GLOBAL,1
6371,TOLTÉN,RURAL,2° Básico,LENGUAJE,SENTIDO GLOBAL,"0,6"
6373,TEODORO SCHMIDT,RURAL,2° Básico,LENGUAJE,SENTIDO GLOBAL,"0,4"
6374,TOLTÉN,RURAL,2° Básico,LENGUAJE,SENTIDO GLOBAL,1
6397,TEODORO SCHMIDT,URBANO,2° Básico,LENGUAJE,SENTIDO GLOBAL,"0,88"
6398,TEODORO SCHMIDT,URBANO,2° Básico,LENGUAJE,SENTIDO GLOBAL,"0,59"
6399,TEODORO SCHMIDT,URBANO,2° Básico,LENGUAJE,SENTIDO GLOBAL,"0,84"
6400,TEODORO SCHMIDT,RURAL,2° Básico,LENGUAJE,SENTIDO GLOBAL,"0,75"
6407,TEODORO SCHMIDT,RURAL,2° Básico,LENGUAJE,SENTIDO GLOBAL,"0,25"
6411,TEODORO SCHMIDT,RURAL,2° Básico,LENGUAJE,SENTIDO GLOBAL,"0,73"
6413,TEODORO SCHMIDT,RURAL,2° Básico,LENGUAJE,SENTIDO GLOBAL,"0,9"
6454,SAAVEDRA,RURAL,2° Básico,LENGUAJE,SENTIDO GLOBAL,"0,84"
6455,SAAVEDRA,RURAL,2° Básico,LENGUAJE,SENTIDO GLOBAL,"0,56"
6456,SAAVEDRA,RURAL,2° Básico,LENGUAJE,SENTIDO GLOBAL,"0,1"
6457,SAAVEDRA,URBANO,2° Básico,LENGUAJE,SENTIDO GLOBAL,"0,74"
6458,SAAVEDRA,RURAL,2° Básico,LENGUAJE,SENTIDO GLOBAL,"0,77"
6459,SAAVEDRA,RURAL,2° Básico,LENGUAJE,SENTIDO GLOBAL,"0,8"
6495,SAAVEDRA,RURAL,2° Básico,LENGUAJE,SENTIDO GLOBAL,"0,75"
6499,CARAHUE,URBANO,2° Básico,LENGUAJE,SENTIDO GLOBAL,"0,8"
6500,CARAHUE,URBANO,2° Básico,LENGUAJE,SENTIDO GLOBAL,"0,81"
6501,CARAHUE,URBANO,2° Básico,LENGUAJE,SENTIDO GLOBAL,"0,9"
6502,CARAHUE,URBANO,2° Básico,LENGUAJE,SENTIDO GLOBAL,"0,91"
6504,CARAHUE,RURAL,2° Básico,LENGUAJE,SENTIDO GLOBAL,"0,75"
6506,CARAHUE,RURAL,2° Básico,LENGUAJE,SENTIDO GLOBAL,"0,8"
6522,CARAHUE,RURAL,2° Básico,LENGUAJE,SENTIDO GLOBAL,"0,8"
6523,CARAHUE,RURAL,2° Básico,LENGUAJE,SENTIDO GLOBAL,"0,8"
6524,CARAHUE,RURAL,2° Básico,LENGUAJE,SENTIDO GLOBAL,"0,6"
6528,CARAHUE,RURAL,2° Básico,LENGUAJE,SENTIDO GLOBAL,"0,84"
6539,CARAHUE,RURAL,2° Básico,LENGUAJE,SENTIDO GLOBAL,"0,7"
6587,NUEVA IMPERIAL,URBANO,2° Básico,LENGUAJE,SENTIDO GLOBAL,"0,81"
6593,NUEVA IMPERIAL,RURAL,2° Básico,LENGUAJE,SENTIDO GLOBAL,"0,78"
6600,NUEVA IMPERIAL,RURAL,2° Básico,LENGUAJE,SENTIDO GLOBAL,"0,93"
6605,NUEVA IMPERIAL,RURAL,2° Básico,LENGUAJE,SENTIDO GLOBAL,"0,7"
6608,NUEVA IMPERIAL,RURAL,2° Básico,LENGUAJE,SENTIDO GLOBAL,"0,6"
6611,NUEVA IMPERIAL,RURAL,2° Básico,LENGUAJE,SENTIDO GLOBAL,"0,8"
6623,NUEVA IMPERIAL,RURAL,2° Básico,LENGUAJE,SENTIDO GLOBAL,"0,8"
6628,NUEVA IMPERIAL,RURAL,2° Básico,LENGUAJE,SENTIDO GLOBAL,"0,3"
6635,NUEVA IMPERIAL,RURAL,2° Básico,LENGUAJE,SENTIDO GLOBAL,"0,9"
6639,NUEVA IMPERIAL,RURAL,2° Básico,LENGUAJE,SENTIDO GLOBAL,1
6349,TOLTÉN,URBANO,3° Básico,LENGUAJE,SENTIDO GLOBAL,"0,77"
6350,TOLTÉN,URBANO,3° Básico,LENGUAJE,SENTIDO GLOBAL,"0,68"
6351,TOLTÉN,RURAL,3° Básico,LENGUAJE,SENTIDO GLOBAL,"0,57"
6352,TOLTÉN,URBANO,3° Básico,LENGUAJE,SENTIDO GLOBAL,"0,68"
6353,TOLTÉN,RURAL,3° Básico,LENGUAJE,SENTIDO GLOBAL,"0,67"
6354,TOLTÉN,RURAL,3° Básico,LENGUAJE,SENTIDO GLOBAL,"0,5"
6358,TEODORO SCHMIDT,RURAL,3° Básico,LENGUAJE,SENTIDO GLOBAL,"0,42"
6371,TOLTÉN,RURAL,3° Básico,LENGUAJE,SENTIDO GLOBAL,"0,33"
6373,TEODORO SCHMIDT,RURAL,3° Básico,LENGUAJE,SENTIDO GLOBAL,"0,58"
6397,TEODORO SCHMIDT,URBANO,3° Básico,LENGUAJE,SENTIDO GLOBAL,"0,71"
6398,TEODORO SCHMIDT,URBANO,3° Básico,LENGUAJE,SENTIDO GLOBAL,"0,51"
6399,TEODORO SCHMIDT,URBANO,3° Básico,LENGUAJE,SENTIDO GLOBAL,"0,73"
6400,TEODORO SCHMIDT,RURAL,3° Básico,LENGUAJE,SENTIDO GLOBAL,"0,83"
6407,TEODORO SCHMIDT,RURAL,3° Básico,LENGUAJE,SENTIDO GLOBAL,"0,5"
6410,TEODORO SCHMIDT,RURAL,3° Básico,LENGUAJE,SENTIDO GLOBAL,"0,83"
6411,TEODORO SCHMIDT,RURAL,3° Básico,LENGUAJE,SENTIDO GLOBAL,"0,83"
6413,TEODORO SCHMIDT,RURAL,3° Básico,LENGUAJE,SENTIDO GLOBAL,"0,83"
6415,TEODORO SCHMIDT,RURAL,3° Básico,LENGUAJE,SENTIDO GLOBAL,"0,75"
6454,SAAVEDRA,RURAL,3° Básico,LENGUAJE,SENTIDO GLOBAL,"0,7"
6455,SAAVEDRA,RURAL,3° Básico,LENGUAJE,SENTIDO GLOBAL,"0,52"
6456,SAAVEDRA,RURAL,3° Básico,LENGUAJE,SENTIDO GLOBAL,"0,22"
6457,SAAVEDRA,URBANO,3° Básico,LENGUAJE,SENTIDO GLOBAL,"0,54"
6458,SAAVEDRA,RURAL,3° Básico,LENGUAJE,SENTIDO GLOBAL,"0,17"
6459,SAAVEDRA,RURAL,3° Básico,LENGUAJE,SENTIDO GLOBAL,"0,64"
6495,SAAVEDRA,RURAL,3° Básico,LENGUAJE,SENTIDO GLOBAL,"0,72"
6499,CARAHUE,URBANO,3° Básico,LENGUAJE,SENTIDO GLOBAL,"0,73"
6500,CARAHUE,URBANO,3° Básico,LENGUAJE,SENTIDO GLOBAL,"0,65"
6501,CARAHUE,URBANO,3° Básico,LENGUAJE,SENTIDO GLOBAL,"0,69"
6502,CARAHUE,URBANO,3° Básico,LENGUAJE,SENTIDO GLOBAL,"0,6"
6504,CARAHUE,RURAL,3° Básico,LENGUAJE,SENTIDO GLOBAL,"0,62"
6512,CARAHUE,RURAL,3° Básico,LENGUAJE,SENTIDO GLOBAL,"0,33"
6521,CARAHUE,RURAL,3° Básico,LENGUAJE,SENTIDO GLOBAL,1
6523,CARAHUE,RURAL,3° Básico,LENGUAJE,SENTIDO GLOBAL,"0,67"
6524,CARAHUE,RURAL,3° Básico,LENGUAJE,SENTIDO GLOBAL,"0,5"
6526,CARAHUE,RURAL,3° Básico,LENGUAJE,SENTIDO GLOBAL,"0,58"
6528,CARAHUE,RURAL,3° Básico,LENGUAJE,SENTIDO GLOBAL,"0,71"
6529,CARAHUE,RURAL,3° Básico,LENGUAJE,SENTIDO GLOBAL,"0,67"
6587,NUEVA IMPERIAL,URBANO,3° Básico,LENGUAJE,SENTIDO GLOBAL,"0,63"
6593,NUEVA IMPERIAL,RURAL,3° Básico,LENGUAJE,SENTIDO GLOBAL,"0,67"
6602,NUEVA IMPERIAL,RURAL,3° Básico,LENGUAJE,SENTIDO GLOBAL,"0,83"
6605,NUEVA IMPERIAL,RURAL,3° Básico,LENGUAJE,SENTIDO GLOBAL,"0,42"
6608,NUEVA IMPERIAL,RURAL,3° Básico,LENGUAJE,SENTIDO GLOBAL,"0,5"
6611,NUEVA IMPERIAL,RURAL,3° Básico,LENGUAJE,SENTIDO GLOBAL,"0,78"
6623,NUEVA IMPERIAL,RURAL,3° Básico,LENGUAJE,SENTIDO GLOBAL,"0,67"
6628,NUEVA IMPERIAL,RURAL,3° Básico,LENGUAJE,SENTIDO GLOBAL,"0,58"
6635,NUEVA IMPERIAL,RURAL,3° Básico,LENGUAJE,SENTIDO GLOBAL,"0,33"
6349,TOLTÉN,URBANO,1° Básico,LENGUAJE,SCOM_ELE ESTRUC,"0,82"
6350,TOLTÉN,URBANO,1° Básico,LENGUAJE,SCOM_ELE ESTRUC,"0,66"
6351,TOLTÉN,RURAL,1° Básico,LENGUAJE,SCOM_ELE ESTRUC,"0,75"
6352,TOLTÉN,URBANO,1° Básico,LENGUAJE,SCOM_ELE ESTRUC,"0,97"
6353,TOLTÉN,RURAL,1° Básico,LENGUAJE,SCOM_ELE ESTRUC,1
6354,TOLTÉN,RURAL,1° Básico,LENGUAJE,SCOM_ELE ESTRUC,1
6358,TEODORO SCHMIDT,RURAL,1° Básico,LENGUAJE,SCOM_ELE ESTRUC,
6361,TEODORO SCHMIDT,RURAL,1° Básico,LENGUAJE,SCOM_ELE ESTRUC,"0,5"
6370,TOLTÉN,RURAL,1° Básico,LENGUAJE,SCOM_ELE ESTRUC,"0,5"
6371,TOLTÉN,RURAL,1° Básico,LENGUAJE,SCOM_ELE ESTRUC,"0,42"
6373,TEODORO SCHMIDT,RURAL,1° Básico,LENGUAJE,SCOM_ELE ESTRUC,"0,25"
6397,TEODORO SCHMIDT,URBANO,1° Básico,LENGUAJE,SCOM_ELE ESTRUC,"0,96"
6398,TEODORO SCHMIDT,URBANO,1° Básico,LENGUAJE,SCOM_ELE ESTRUC,"0,52"
6399,TEODORO SCHMIDT,URBANO,1° Básico,LENGUAJE,SCOM_ELE ESTRUC,"0,82"
6400,TEODORO SCHMIDT,RURAL,1° Básico,LENGUAJE,SCOM_ELE ESTRUC,1
6407,TEODORO SCHMIDT,RURAL,1° Básico,LENGUAJE,SCOM_ELE ESTRUC,
6411,TEODORO SCHMIDT,RURAL,1° Básico,LENGUAJE,SCOM_ELE ESTRUC,"0,75"
6413,TEODORO SCHMIDT,RURAL,1° Básico,LENGUAJE,SCOM_ELE ESTRUC,"0,75"
6415,TEODORO SCHMIDT,RURAL,1° Básico,LENGUAJE,SCOM_ELE ESTRUC,"0,88"
6454,SAAVEDRA,RURAL,1° Básico,LENGUAJE,SCOM_ELE ESTRUC,"0,63"
6455,SAAVEDRA,RURAL,1° Básico,LENGUAJE,SCOM_ELE ESTRUC,"0,5"
6456,SAAVEDRA,RURAL,1° Básico,LENGUAJE,SCOM_ELE ESTRUC,"0,13"
6457,SAAVEDRA,URBANO,1° Básico,LENGUAJE,SCOM_ELE ESTRUC,"0,74"
6458,SAAVEDRA,RURAL,1° Básico,LENGUAJE,SCOM_ELE ESTRUC,"0,42"
6459,SAAVEDRA,RURAL,1° Básico,LENGUAJE,SCOM_ELE ESTRUC,"0,92"
6495,SAAVEDRA,RURAL,1° Básico,LENGUAJE,SCOM_ELE ESTRUC,"0,85"
6499,CARAHUE,URBANO,1° Básico,LENGUAJE,SCOM_ELE ESTRUC,"0,87"
6500,CARAHUE,URBANO,1° Básico,LENGUAJE,SCOM_ELE ESTRUC,"0,92"
6501,CARAHUE,URBANO,1° Básico,LENGUAJE,SCOM_ELE ESTRUC,"0,88"
6502,CARAHUE,URBANO,1° Básico,LENGUAJE,SCOM_ELE ESTRUC,"0,78"
6504,CARAHUE,RURAL,1° Básico,LENGUAJE,SCOM_ELE ESTRUC,"0,77"
6508,CARAHUE,RURAL,1° Básico,LENGUAJE,SCOM_ELE ESTRUC,"0,75"
6510,CARAHUE,RURAL,1° Básico,LENGUAJE,SCOM_ELE ESTRUC,1
6512,CARAHUE,RURAL,1° Básico,LENGUAJE,SCOM_ELE ESTRUC,"0,25"
6522,CARAHUE,RURAL,1° Básico,LENGUAJE,SCOM_ELE ESTRUC,1
6529,CARAHUE,RURAL,1° Básico,LENGUAJE,SCOM_ELE ESTRUC,"0,75"
6539,CARAHUE,RURAL,1° Básico,LENGUAJE,SCOM_ELE ESTRUC,"0,79"
6587,NUEVA IMPERIAL,URBANO,1° Básico,LENGUAJE,SCOM_ELE ESTRUC,"0,8"
6593,NUEVA IMPERIAL,RURAL,1° Básico,LENGUAJE,SCOM_ELE ESTRUC,"0,82"
6600,NUEVA IMPERIAL,RURAL,1° Básico,LENGUAJE,SCOM_ELE ESTRUC,"0,5"
6602,NUEVA IMPERIAL,RURAL,1° Básico,LENGUAJE,SCOM_ELE ESTRUC,"0,7"
6605,NUEVA IMPERIAL,RURAL,1° Básico,LENGUAJE,SCOM_ELE ESTRUC,"0,5"
6608,NUEVA IMPERIAL,RURAL,1° Básico,LENGUAJE,SCOM_ELE ESTRUC,"0,75"
6611,NUEVA IMPERIAL,RURAL,1° Básico,LENGUAJE,SCOM_ELE ESTRUC,"0,75"
6623,NUEVA IMPERIAL,RURAL,1° Básico,LENGUAJE,SCOM_ELE ESTRUC,"0,83"
6628,NUEVA IMPERIAL,RURAL,1° Básico,LENGUAJE,SCOM_ELE ESTRUC,"0,79"
6639,NUEVA IMPERIAL,RURAL,1° Básico,LENGUAJE,SCOM_ELE ESTRUC,"0,67"
6349,TOLTÉN,URBANO,2° Básico,LENGUAJE,SCOM_ELE ESTRUC,"0,79"
6350,TOLTÉN,URBANO,2° Básico,LENGUAJE,SCOM_ELE ESTRUC,"0,75"
6351,TOLTÉN,RURAL,2° Básico,LENGUAJE,SCOM_ELE ESTRUC,"0,82"
6352,TOLTÉN,URBANO,2° Básico,LENGUAJE,SCOM_ELE ESTRUC,"0,8"
6353,TOLTÉN,RURAL,2° Básico,LENGUAJE,SCOM_ELE ESTRUC,"0,69"
6358,TEODORO SCHMIDT,RURAL,2° Básico,LENGUAJE,SCOM_ELE ESTRUC,1
6371,TOLTÉN,RURAL,2° Básico,LENGUAJE,SCOM_ELE ESTRUC,"0,67"
6373,TEODORO SCHMIDT,RURAL,2° Básico,LENGUAJE,SCOM_ELE ESTRUC,"0,46"
6374,TOLTÉN,RURAL,2° Básico,LENGUAJE,SCOM_ELE ESTRUC,1
6397,TEODORO SCHMIDT,URBANO,2° Básico,LENGUAJE,SCOM_ELE ESTRUC,"0,85"
6398,TEODORO SCHMIDT,URBANO,2° Básico,LENGUAJE,SCOM_ELE ESTRUC,"0,57"
6399,TEODORO SCHMIDT,URBANO,2° Básico,LENGUAJE,SCOM_ELE ESTRUC,"0,82"
6400,TEODORO SCHMIDT,RURAL,2° Básico,LENGUAJE,SCOM_ELE ESTRUC,"0,63"
6407,TEODORO SCHMIDT,RURAL,2° Básico,LENGUAJE,SCOM_ELE ESTRUC,"0,44"
6411,TEODORO SCHMIDT,RURAL,2° Básico,LENGUAJE,SCOM_ELE ESTRUC,"0,67"
6413,TEODORO SCHMIDT,RURAL,2° Básico,LENGUAJE,SCOM_ELE ESTRUC,1
6454,SAAVEDRA,RURAL,2° Básico,LENGUAJE,SCOM_ELE ESTRUC,"0,75"
6455,SAAVEDRA,RURAL,2° Básico,LENGUAJE,SCOM_ELE ESTRUC,"0,8"
6456,SAAVEDRA,RURAL,2° Básico,LENGUAJE,SCOM_ELE ESTRUC,"0,13"
6457,SAAVEDRA,URBANO,2° Básico,LENGUAJE,SCOM_ELE ESTRUC,"0,75"
6458,SAAVEDRA,RURAL,2° Básico,LENGUAJE,SCOM_ELE ESTRUC,"0,71"
6459,SAAVEDRA,RURAL,2° Básico,LENGUAJE,SCOM_ELE ESTRUC,"0,81"
6495,SAAVEDRA,RURAL,2° Básico,LENGUAJE,SCOM_ELE ESTRUC,"0,75"
6499,CARAHUE,URBANO,2° Básico,LENGUAJE,SCOM_ELE ESTRUC,"0,72"
6500,CARAHUE,URBANO,2° Básico,LENGUAJE,SCOM_ELE ESTRUC,"0,79"
6501,CARAHUE,URBANO,2° Básico,LENGUAJE,SCOM_ELE ESTRUC,"0,84"
6502,CARAHUE,URBANO,2° Básico,LENGUAJE,SCOM_ELE ESTRUC,"0,82"
6504,CARAHUE,RURAL,2° Básico,LENGUAJE,SCOM_ELE ESTRUC,"0,75"
6506,CARAHUE,RURAL,2° Básico,LENGUAJE,SCOM_ELE ESTRUC,"0,75"
6522,CARAHUE,RURAL,2° Básico,LENGUAJE,SCOM_ELE ESTRUC,"0,5"
6523,CARAHUE,RURAL,2° Básico,LENGUAJE,SCOM_ELE ESTRUC,"0,5"
6524,CARAHUE,RURAL,2° Básico,LENGUAJE,SCOM_ELE ESTRUC,1
6528,CARAHUE,RURAL,2° Básico,LENGUAJE,SCOM_ELE ESTRUC,"0,8"
6539,CARAHUE,RURAL,2° Básico,LENGUAJE,SCOM_ELE ESTRUC,"0,75"
6587,NUEVA IMPERIAL,URBANO,2° Básico,LENGUAJE,SCOM_ELE ESTRUC,"0,73"
6593,NUEVA IMPERIAL,RURAL,2° Básico,LENGUAJE,SCOM_ELE ESTRUC,"0,73"
6600,NUEVA IMPERIAL,RURAL,2° Básico,LENGUAJE,SCOM_ELE ESTRUC,"0,75"
6605,NUEVA IMPERIAL,RURAL,2° Básico,LENGUAJE,SCOM_ELE ESTRUC,"0,88"
6608,NUEVA IMPERIAL,RURAL,2° Básico,LENGUAJE,SCOM_ELE ESTRUC,"0,5"
6611,NUEVA IMPERIAL,RURAL,2° Básico,LENGUAJE,SCOM_ELE ESTRUC,"0,75"
6623,NUEVA IMPERIAL,RURAL,2° Básico,LENGUAJE,SCOM_ELE ESTRUC,"0,75"
6628,NUEVA IMPERIAL,RURAL,2° Básico,LENGUAJE,SCOM_ELE ESTRUC,"0,88"
6635,NUEVA IMPERIAL,RURAL,2° Básico,LENGUAJE,SCOM_ELE ESTRUC,"0,88"
6639,NUEVA IMPERIAL,RURAL,2° Básico,LENGUAJE,SCOM_ELE ESTRUC,"0,75"
6349,TOLTÉN,URBANO,3° Básico,LENGUAJE,SCOM_ELE ESTRUC,"0,61"
6350,TOLTÉN,URBANO,3° Básico,LENGUAJE,SCOM_ELE ESTRUC,"0,59"
6351,TOLTÉN,RURAL,3° Básico,LENGUAJE,SCOM_ELE ESTRUC,"0,65"
6352,TOLTÉN,URBANO,3° Básico,LENGUAJE,SCOM_ELE ESTRUC,"0,68"
6353,TOLTÉN,RURAL,3° Básico,LENGUAJE,SCOM_ELE ESTRUC,"0,67"
6354,TOLTÉN,RURAL,3° Básico,LENGUAJE,SCOM_ELE ESTRUC,"0,5"
6358,TEODORO SCHMIDT,RURAL,3° Básico,LENGUAJE,SCOM_ELE ESTRUC,"0,67"
6371,TOLTÉN,RURAL,3° Básico,LENGUAJE,SCOM_ELE ESTRUC,"0,17"
6373,TEODORO SCHMIDT,RURAL,3° Básico,LENGUAJE,SCOM_ELE ESTRUC,"0,5"
6397,TEODORO SCHMIDT,URBANO,3° Básico,LENGUAJE,SCOM_ELE ESTRUC,"0,76"
6398,TEODORO SCHMIDT,URBANO,3° Básico,LENGUAJE,SCOM_ELE ESTRUC,"0,45"
6399,TEODORO SCHMIDT,URBANO,3° Básico,LENGUAJE,SCOM_ELE ESTRUC,"0,67"
6400,TEODORO SCHMIDT,RURAL,3° Básico,LENGUAJE,SCOM_ELE ESTRUC,"0,5"
6407,TEODORO SCHMIDT,RURAL,3° Básico,LENGUAJE,SCOM_ELE ESTRUC,"0,17"
6410,TEODORO SCHMIDT,RURAL,3° Básico,LENGUAJE,SCOM_ELE ESTRUC,"0,58"
6411,TEODORO SCHMIDT,RURAL,3° Básico,LENGUAJE,SCOM_ELE ESTRUC,"0,33"
6413,TEODORO SCHMIDT,RURAL,3° Básico,LENGUAJE,SCOM_ELE ESTRUC,"0,83"
6415,TEODORO SCHMIDT,RURAL,3° Básico,LENGUAJE,SCOM_ELE ESTRUC,"0,67"
6454,SAAVEDRA,RURAL,3° Básico,LENGUAJE,SCOM_ELE ESTRUC,"0,59"
6455,SAAVEDRA,RURAL,3° Básico,LENGUAJE,SCOM_ELE ESTRUC,"0,37"
6456,SAAVEDRA,RURAL,3° Básico,LENGUAJE,SCOM_ELE ESTRUC,"0,5"
6457,SAAVEDRA,URBANO,3° Básico,LENGUAJE,SCOM_ELE ESTRUC,"0,6"
6458,SAAVEDRA,RURAL,3° Básico,LENGUAJE,SCOM_ELE ESTRUC,"0,25"
6459,SAAVEDRA,RURAL,3° Básico,LENGUAJE,SCOM_ELE ESTRUC,"0,67"
6495,SAAVEDRA,RURAL,3° Básico,LENGUAJE,SCOM_ELE ESTRUC,"0,67"
6499,CARAHUE,URBANO,3° Básico,LENGUAJE,SCOM_ELE ESTRUC,"0,54"
6500,CARAHUE,URBANO,3° Básico,LENGUAJE,SCOM_ELE ESTRUC,"0,6"
6501,CARAHUE,URBANO,3° Básico,LENGUAJE,SCOM_ELE ESTRUC,"0,68"
6502,CARAHUE,URBANO,3° Básico,LENGUAJE,SCOM_ELE ESTRUC,"0,52"
6504,CARAHUE,RURAL,3° Básico,LENGUAJE,SCOM_ELE ESTRUC,"0,58"
6512,CARAHUE,RURAL,3° Básico,LENGUAJE,SCOM_ELE ESTRUC,"0,17"
6521,CARAHUE,RURAL,3° Básico,LENGUAJE,SCOM_ELE ESTRUC,"0,67"
6523,CARAHUE,RURAL,3° Básico,LENGUAJE,SCOM_ELE ESTRUC,"0,83"
6524,CARAHUE,RURAL,3° Básico,LENGUAJE,SCOM_ELE ESTRUC,"0,67"
6526,CARAHUE,RURAL,3° Básico,LENGUAJE,SCOM_ELE ESTRUC,"0,67"
6528,CARAHUE,RURAL,3° Básico,LENGUAJE,SCOM_ELE ESTRUC,"0,65"
6529,CARAHUE,RURAL,3° Básico,LENGUAJE,SCOM_ELE ESTRUC,"0,67"
6587,NUEVA IMPERIAL,URBANO,3° Básico,LENGUAJE,SCOM_ELE ESTRUC,"0,58"
6593,NUEVA IMPERIAL,RURAL,3° Básico,LENGUAJE,SCOM_ELE ESTRUC,"0,71"
6602,NUEVA IMPERIAL,RURAL,3° Básico,LENGUAJE,SCOM_ELE ESTRUC,"0,67"
6605,NUEVA IMPERIAL,RURAL,3° Básico,LENGUAJE,SCOM_ELE ESTRUC,"0,5"
6608,NUEVA IMPERIAL,RURAL,3° Básico,LENGUAJE,SCOM_ELE ESTRUC,"0,5"
6611,NUEVA IMPERIAL,RURAL,3° Básico,LENGUAJE,SCOM_ELE ESTRUC,"0,61"
6623,NUEVA IMPERIAL,RURAL,3° Básico,LENGUAJE,SCOM_ELE ESTRUC,"0,67"
6628,NUEVA IMPERIAL,RURAL,3° Básico,LENGUAJE,SCOM_ELE ESTRUC,"0,67"
6635,NUEVA IMPERIAL,RURAL,3° Básico,LENGUAJE,SCOM_ELE ESTRUC,"0,67"
6349,TOLTÉN,URBANO,2° Básico,LENGUAJE,CONYREC_LENGUAJE,"0,76"
6350,TOLTÉN,URBANO,2° Básico,LENGUAJE,CONYREC_LENGUAJE,"0,56"
6351,TOLTÉN,RURAL,2° Básico,LENGUAJE,CONYREC_LENGUAJE,"0,68"
6352,TOLTÉN,URBANO,2° Básico,LENGUAJE,CONYREC_LENGUAJE,"0,68"
6353,TOLTÉN,RURAL,2° Básico,LENGUAJE,CONYREC_LENGUAJE,"0,44"
6358,TEODORO SCHMIDT,RURAL,2° Básico,LENGUAJE,CONYREC_LENGUAJE,1
6371,TOLTÉN,RURAL,2° Básico,LENGUAJE,CONYREC_LENGUAJE,"0,42"
6373,TEODORO SCHMIDT,RURAL,2° Básico,LENGUAJE,CONYREC_LENGUAJE,"0,32"
6374,TOLTÉN,RURAL,2° Básico,LENGUAJE,CONYREC_LENGUAJE,1
6397,TEODORO SCHMIDT,URBANO,2° Básico,LENGUAJE,CONYREC_LENGUAJE,"0,55"
6398,TEODORO SCHMIDT,URBANO,2° Básico,LENGUAJE,CONYREC_LENGUAJE,"0,41"
6399,TEODORO SCHMIDT,URBANO,2° Básico,LENGUAJE,CONYREC_LENGUAJE,"0,71"
6400,TEODORO SCHMIDT,RURAL,2° Básico,LENGUAJE,CONYREC_LENGUAJE,"0,44"
6407,TEODORO SCHMIDT,RURAL,2° Básico,LENGUAJE,CONYREC_LENGUAJE,"0,5"
6411,TEODORO SCHMIDT,RURAL,2° Básico,LENGUAJE,CONYREC_LENGUAJE,"0,75"
6413,TEODORO SCHMIDT,RURAL,2° Básico,LENGUAJE,CONYREC_LENGUAJE,"0,75"
6454,SAAVEDRA,RURAL,2° Básico,LENGUAJE,CONYREC_LENGUAJE,"0,6"
6455,SAAVEDRA,RURAL,2° Básico,LENGUAJE,CONYREC_LENGUAJE,"0,55"
6456,SAAVEDRA,RURAL,2° Básico,LENGUAJE,CONYREC_LENGUAJE,"0,13"
6457,SAAVEDRA,URBANO,2° Básico,LENGUAJE,CONYREC_LENGUAJE,"0,64"
6458,SAAVEDRA,RURAL,2° Básico,LENGUAJE,CONYREC_LENGUAJE,"0,63"
6459,SAAVEDRA,RURAL,2° Básico,LENGUAJE,CONYREC_LENGUAJE,"0,69"
6495,SAAVEDRA,RURAL,2° Básico,LENGUAJE,CONYREC_LENGUAJE,"0,38"
6499,CARAHUE,URBANO,2° Básico,LENGUAJE,CONYREC_LENGUAJE,"0,73"
6500,CARAHUE,URBANO,2° Básico,LENGUAJE,CONYREC_LENGUAJE,"0,72"
6501,CARAHUE,URBANO,2° Básico,LENGUAJE,CONYREC_LENGUAJE,"0,74"
6502,CARAHUE,URBANO,2° Básico,LENGUAJE,CONYREC_LENGUAJE,"0,75"
6504,CARAHUE,RURAL,2° Básico,LENGUAJE,CONYREC_LENGUAJE,"0,69"
6506,CARAHUE,RURAL,2° Básico,LENGUAJE,CONYREC_LENGUAJE,"0,75"
6522,CARAHUE,RURAL,2° Básico,LENGUAJE,CONYREC_LENGUAJE,"0,25"
6523,CARAHUE,RURAL,2° Básico,LENGUAJE,CONYREC_LENGUAJE,"0,5"
6524,CARAHUE,RURAL,2° Básico,LENGUAJE,CONYREC_LENGUAJE,"0,88"
6528,CARAHUE,RURAL,2° Básico,LENGUAJE,CONYREC_LENGUAJE,"0,65"
6539,CARAHUE,RURAL,2° Básico,LENGUAJE,CONYREC_LENGUAJE,"0,44"
6587,NUEVA IMPERIAL,URBANO,2° Básico,LENGUAJE,CONYREC_LENGUAJE,"0,74"
6593,NUEVA IMPERIAL,RURAL,2° Básico,LENGUAJE,CONYREC_LENGUAJE,"0,63"
6600,NUEVA IMPERIAL,RURAL,2° Básico,LENGUAJE,CONYREC_LENGUAJE,"0,92"
6605,NUEVA IMPERIAL,RURAL,2° Básico,LENGUAJE,CONYREC_LENGUAJE,"0,5"
6608,NUEVA IMPERIAL,RURAL,2° Básico,LENGUAJE,CONYREC_LENGUAJE,"0,58"
6611,NUEVA IMPERIAL,RURAL,2° Básico,LENGUAJE,CONYREC_LENGUAJE,"0,63"
6623,NUEVA IMPERIAL,RURAL,2° Básico,LENGUAJE,CONYREC_LENGUAJE,"0,5"
6628,NUEVA IMPERIAL,RURAL,2° Básico,LENGUAJE,CONYREC_LENGUAJE,"0,5"
6635,NUEVA IMPERIAL,RURAL,2° Básico,LENGUAJE,CONYREC_LENGUAJE,"0,38"
6639,NUEVA IMPERIAL,RURAL,2° Básico,LENGUAJE,CONYREC_LENGUAJE,"0,75"
6349,TOLTÉN,URBANO,3° Básico,LENGUAJE,CONYREC_LENGUAJE,"0,66"
6350,TOLTÉN,URBANO,3° Básico,LENGUAJE,CONYREC_LENGUAJE,"0,48"
6351,TOLTÉN,RURAL,3° Básico,LENGUAJE,CONYREC_LENGUAJE,"0,45"
6352,TOLTÉN,URBANO,3° Básico,LENGUAJE,CONYREC_LENGUAJE,"0,62"
6353,TOLTÉN,RURAL,3° Básico,LENGUAJE,CONYREC_LENGUAJE,"0,8"
6354,TOLTÉN,RURAL,3° Básico,LENGUAJE,CONYREC_LENGUAJE,"0,8"
6358,TEODORO SCHMIDT,RURAL,3° Básico,LENGUAJE,CONYREC_LENGUAJE,"0,3"
6371,TOLTÉN,RURAL,3° Básico,LENGUAJE,CONYREC_LENGUAJE,"0,3"
6373,TEODORO SCHMIDT,RURAL,3° Básico,LENGUAJE,CONYREC_LENGUAJE,"0,4"
6397,TEODORO SCHMIDT,URBANO,3° Básico,LENGUAJE,CONYREC_LENGUAJE,"0,49"
6398,TEODORO SCHMIDT,URBANO,3° Básico,LENGUAJE,CONYREC_LENGUAJE,"0,32"
6399,TEODORO SCHMIDT,URBANO,3° Básico,LENGUAJE,CONYREC_LENGUAJE,"0,54"
6400,TEODORO SCHMIDT,RURAL,3° Básico,LENGUAJE,CONYREC_LENGUAJE,0
6407,TEODORO SCHMIDT,RURAL,3° Básico,LENGUAJE,CONYREC_LENGUAJE,0
6410,TEODORO SCHMIDT,RURAL,3° Básico,LENGUAJE,CONYREC_LENGUAJE,"0,4"
6411,TEODORO SCHMIDT,RURAL,3° Básico,LENGUAJE,CONYREC_LENGUAJE,"0,4"
6413,TEODORO SCHMIDT,RURAL,3° Básico,LENGUAJE,CONYREC_LENGUAJE,"0,4"
6415,TEODORO SCHMIDT,RURAL,3° Básico,LENGUAJE,CONYREC_LENGUAJE,"0,6"
6454,SAAVEDRA,RURAL,3° Básico,LENGUAJE,CONYREC_LENGUAJE,"0,56"
6455,SAAVEDRA,RURAL,3° Básico,LENGUAJE,CONYREC_LENGUAJE,"0,45"
6456,SAAVEDRA,RURAL,3° Básico,LENGUAJE,CONYREC_LENGUAJE,"0,13"
6457,SAAVEDRA,URBANO,3° Básico,LENGUAJE,CONYREC_LENGUAJE,"0,47"
6458,SAAVEDRA,RURAL,3° Básico,LENGUAJE,CONYREC_LENGUAJE,"0,25"
6459,SAAVEDRA,RURAL,3° Básico,LENGUAJE,CONYREC_LENGUAJE,"0,49"
6495,SAAVEDRA,RURAL,3° Básico,LENGUAJE,CONYREC_LENGUAJE,"0,6"
6499,CARAHUE,URBANO,3° Básico,LENGUAJE,CONYREC_LENGUAJE,"0,55"
6500,CARAHUE,URBANO,3° Básico,LENGUAJE,CONYREC_LENGUAJE,"0,42"
6501,CARAHUE,URBANO,3° Básico,LENGUAJE,CONYREC_LENGUAJE,"0,58"
6502,CARAHUE,URBANO,3° Básico,LENGUAJE,CONYREC_LENGUAJE,"0,43"
6504,CARAHUE,RURAL,3° Básico,LENGUAJE,CONYREC_LENGUAJE,"0,34"
6512,CARAHUE,RURAL,3° Básico,LENGUAJE,CONYREC_LENGUAJE,"0,4"
6521,CARAHUE,RURAL,3° Básico,LENGUAJE,CONYREC_LENGUAJE,"0,8"
6523,CARAHUE,RURAL,3° Básico,LENGUAJE,CONYREC_LENGUAJE,"0,4"
6524,CARAHUE,RURAL,3° Básico,LENGUAJE,CONYREC_LENGUAJE,"0,6"
6526,CARAHUE,RURAL,3° Básico,LENGUAJE,CONYREC_LENGUAJE,"0,5"
6528,CARAHUE,RURAL,3° Básico,LENGUAJE,CONYREC_LENGUAJE,"0,48"
6529,CARAHUE,RURAL,3° Básico,LENGUAJE,CONYREC_LENGUAJE,"0,4"
6587,NUEVA IMPERIAL,URBANO,3° Básico,LENGUAJE,CONYREC_LENGUAJE,"0,45"
6593,NUEVA IMPERIAL,RURAL,3° Básico,LENGUAJE,CONYREC_LENGUAJE,"0,57"
6602,NUEVA IMPERIAL,RURAL,3° Básico,LENGUAJE,CONYREC_LENGUAJE,"0,6"
6605,NUEVA IMPERIAL,RURAL,3° Básico,LENGUAJE,CONYREC_LENGUAJE,"0,2"
6608,NUEVA IMPERIAL,RURAL,3° Básico,LENGUAJE,CONYREC_LENGUAJE,"0,4"
6611,NUEVA IMPERIAL,RURAL,3° Básico,LENGUAJE,CONYREC_LENGUAJE,"0,73"
6623,NUEVA IMPERIAL,RURAL,3° Básico,LENGUAJE,CONYREC_LENGUAJE,"0,4"
6628,NUEVA IMPERIAL,RURAL,3° Básico,LENGUAJE,CONYREC_LENGUAJE,"0,6"
6635,NUEVA IMPERIAL,RURAL,3° Básico,LENGUAJE,CONYREC_LENGUAJE,"0,8"
6349,TOLTÉN,URBANO,1° Básico,MATEMATICAS,NUMEROS,"0,74"
6350,TOLTÉN,URBANO,1° Básico,MATEMATICAS,NUMEROS,"0,77"
6351,TOLTÉN,RURAL,1° Básico,MATEMATICAS,NUMEROS,"0,87"
6352,TOLTÉN,URBANO,1° Básico,MATEMATICAS,NUMEROS,"0,8"
6353,TOLTÉN,RURAL,1° Básico,MATEMATICAS,NUMEROS,"0,67"
6354,TOLTÉN,RURAL,1° Básico,MATEMATICAS,NUMEROS,1
6358,TEODORO SCHMIDT,RURAL,1° Básico,MATEMATICAS,NUMEROS,"0,67"
6361,TEODORO SCHMIDT,RURAL,1° Básico,MATEMATICAS,NUMEROS,"0,8"
6370,TOLTÉN,RURAL,1° Básico,MATEMATICAS,NUMEROS,"0,8"
6371,TOLTÉN,RURAL,1° Básico,MATEMATICAS,NUMEROS,"0,62"
6373,TEODORO SCHMIDT,RURAL,1° Básico,MATEMATICAS,NUMEROS,"0,43"
6397,TEODORO SCHMIDT,URBANO,1° Básico,MATEMATICAS,NUMEROS,"0,78"
6398,TEODORO SCHMIDT,URBANO,1° Básico,MATEMATICAS,NUMEROS,"0,48"
6399,TEODORO SCHMIDT,URBANO,1° Básico,MATEMATICAS,NUMEROS,"0,77"
6400,TEODORO SCHMIDT,RURAL,1° Básico,MATEMATICAS,NUMEROS,"0,47"
6407,TEODORO SCHMIDT,RURAL,1° Básico,MATEMATICAS,NUMEROS,"0,6"
6411,TEODORO SCHMIDT,RURAL,1° Básico,MATEMATICAS,NUMEROS,"0,73"
6413,TEODORO SCHMIDT,RURAL,1° Básico,MATEMATICAS,NUMEROS,"0,73"
6415,TEODORO SCHMIDT,RURAL,1° Básico,MATEMATICAS,NUMEROS,"0,8"
6454,SAAVEDRA,RURAL,1° Básico,MATEMATICAS,NUMEROS,"0,77"
6455,SAAVEDRA,RURAL,1° Básico,MATEMATICAS,NUMEROS,"0,64"
6456,SAAVEDRA,RURAL,1° Básico,MATEMATICAS,NUMEROS,"0,47"
6457,SAAVEDRA,URBANO,1° Básico,MATEMATICAS,NUMEROS,"0,67"
6458,SAAVEDRA,RURAL,1° Básico,MATEMATICAS,NUMEROS,"0,24"
6459,SAAVEDRA,RURAL,1° Básico,MATEMATICAS,NUMEROS,"0,82"
6495,SAAVEDRA,RURAL,1° Básico,MATEMATICAS,NUMEROS,"0,75"
6499,CARAHUE,URBANO,1° Básico,MATEMATICAS,NUMEROS,"0,87"
6500,CARAHUE,URBANO,1° Básico,MATEMATICAS,NUMEROS,"0,89"
6501,CARAHUE,URBANO,1° Básico,MATEMATICAS,NUMEROS,"0,85"
6502,CARAHUE,URBANO,1° Básico,MATEMATICAS,NUMEROS,"0,84"
6504,CARAHUE,RURAL,1° Básico,MATEMATICAS,NUMEROS,"0,73"
6508,CARAHUE,RURAL,1° Básico,MATEMATICAS,NUMEROS,"0,6"
6510,CARAHUE,RURAL,1° Básico,MATEMATICAS,NUMEROS,"0,87"
6512,CARAHUE,RURAL,1° Básico,MATEMATICAS,NUMEROS,"0,47"
6522,CARAHUE,RURAL,1° Básico,MATEMATICAS,NUMEROS,"0,53"
6529,CARAHUE,RURAL,1° Básico,MATEMATICAS,NUMEROS,"0,9"
6539,CARAHUE,RURAL,1° Básico,MATEMATICAS,NUMEROS,"0,79"
6587,NUEVA IMPERIAL,URBANO,1° Básico,MATEMATICAS,NUMEROS,"0,78"
6593,NUEVA IMPERIAL,RURAL,1° Básico,MATEMATICAS,NUMEROS,"0,79"
6600,NUEVA IMPERIAL,RURAL,1° Básico,MATEMATICAS,NUMEROS,"0,87"
6602,NUEVA IMPERIAL,RURAL,1° Básico,MATEMATICAS,NUMEROS,"0,77"
6605,NUEVA IMPERIAL,RURAL,1° Básico,MATEMATICAS,NUMEROS,"0,56"
6608,NUEVA IMPERIAL,RURAL,1° Básico,MATEMATICAS,NUMEROS,"0,73"
6611,NUEVA IMPERIAL,RURAL,1° Básico,MATEMATICAS,NUMEROS,"0,73"
6623,NUEVA IMPERIAL,RURAL,1° Básico,MATEMATICAS,NUMEROS,"0,84"
6628,NUEVA IMPERIAL,RURAL,1° Básico,MATEMATICAS,NUMEROS,"0,79"
6639,NUEVA IMPERIAL,RURAL,1° Básico,MATEMATICAS,NUMEROS,"0,68"
6349,TOLTÉN,URBANO,2° Básico,MATEMATICAS,NUMEROS,"0,82"
6350,TOLTÉN,URBANO,2° Básico,MATEMATICAS,NUMEROS,"0,85"
6351,TOLTÉN,RURAL,2° Básico,MATEMATICAS,NUMEROS,"0,79"
6352,TOLTÉN,URBANO,2° Básico,MATEMATICAS,NUMEROS,"0,66"
6353,TOLTÉN,RURAL,2° Básico,MATEMATICAS,NUMEROS,"0,75"
6358,TEODORO SCHMIDT,RURAL,2° Básico,MATEMATICAS,NUMEROS,"0,94"
6371,TOLTÉN,RURAL,2° Básico,MATEMATICAS,NUMEROS,"0,67"
6373,TEODORO SCHMIDT,RURAL,2° Básico,MATEMATICAS,NUMEROS,"0,62"
6374,TOLTÉN,RURAL,2° Básico,MATEMATICAS,NUMEROS,"0,81"
6397,TEODORO SCHMIDT,URBANO,2° Básico,MATEMATICAS,NUMEROS,"0,58"
6398,TEODORO SCHMIDT,URBANO,2° Básico,MATEMATICAS,NUMEROS,"0,44"
6399,TEODORO SCHMIDT,URBANO,2° Básico,MATEMATICAS,NUMEROS,"0,77"
6400,TEODORO SCHMIDT,RURAL,2° Básico,MATEMATICAS,NUMEROS,"0,59"
6407,TEODORO SCHMIDT,RURAL,2° Básico,MATEMATICAS,NUMEROS,"0,44"
6411,TEODORO SCHMIDT,RURAL,2° Básico,MATEMATICAS,NUMEROS,"0,79"
6413,TEODORO SCHMIDT,RURAL,2° Básico,MATEMATICAS,NUMEROS,"0,88"
6454,SAAVEDRA,RURAL,2° Básico,MATEMATICAS,NUMEROS,"0,85"
6455,SAAVEDRA,RURAL,2° Básico,MATEMATICAS,NUMEROS,"0,71"
6456,SAAVEDRA,RURAL,2° Básico,MATEMATICAS,NUMEROS,"0,81"
6457,SAAVEDRA,URBANO,2° Básico,MATEMATICAS,NUMEROS,"0,62"
6458,SAAVEDRA,RURAL,2° Básico,MATEMATICAS,NUMEROS,"0,7"
6459,SAAVEDRA,RURAL,2° Básico,MATEMATICAS,NUMEROS,"0,86"
6495,SAAVEDRA,RURAL,2° Básico,MATEMATICAS,NUMEROS,"0,73"
6499,CARAHUE,URBANO,2° Básico,MATEMATICAS,NUMEROS,"0,84"
6500,CARAHUE,URBANO,2° Básico,MATEMATICAS,NUMEROS,"0,82"
6501,CARAHUE,URBANO,2° Básico,MATEMATICAS,NUMEROS,"0,84"
6502,CARAHUE,URBANO,2° Básico,MATEMATICAS,NUMEROS,"0,81"
6504,CARAHUE,RURAL,2° Básico,MATEMATICAS,NUMEROS,"0,81"
6506,CARAHUE,RURAL,2° Básico,MATEMATICAS,NUMEROS,1
6522,CARAHUE,RURAL,2° Básico,MATEMATICAS,NUMEROS,"0,75"
6523,CARAHUE,RURAL,2° Básico,MATEMATICAS,NUMEROS,"0,94"
6524,CARAHUE,RURAL,2° Básico,MATEMATICAS,NUMEROS,"0,94"
6528,CARAHUE,RURAL,2° Básico,MATEMATICAS,NUMEROS,"0,86"
6539,CARAHUE,RURAL,2° Básico,MATEMATICAS,NUMEROS,"0,86"
6587,NUEVA IMPERIAL,URBANO,2° Básico,MATEMATICAS,NUMEROS,"0,85"
6593,NUEVA IMPERIAL,RURAL,2° Básico,MATEMATICAS,NUMEROS,"0,85"
6600,NUEVA IMPERIAL,RURAL,2° Básico,MATEMATICAS,NUMEROS,"0,67"
6605,NUEVA IMPERIAL,RURAL,2° Básico,MATEMATICAS,NUMEROS,"0,81"
6608,NUEVA IMPERIAL,RURAL,2° Básico,MATEMATICAS,NUMEROS,"0,52"
6611,NUEVA IMPERIAL,RURAL,2° Básico,MATEMATICAS,NUMEROS,"0,81"
6623,NUEVA IMPERIAL,RURAL,2° Básico,MATEMATICAS,NUMEROS,"0,78"
6628,NUEVA IMPERIAL,RURAL,2° Básico,MATEMATICAS,NUMEROS,"0,81"
6635,NUEVA IMPERIAL,RURAL,2° Básico,MATEMATICAS,NUMEROS,"0,88"
6639,NUEVA IMPERIAL,RURAL,2° Básico,MATEMATICAS,NUMEROS,"0,88"
6349,TOLTÉN,URBANO,3° Básico,MATEMATICAS,NUMEROS,"0,8"
6350,TOLTÉN,URBANO,3° Básico,MATEMATICAS,NUMEROS,"0,7"
6351,TOLTÉN,RURAL,3° Básico,MATEMATICAS,NUMEROS,"0,71"
6352,TOLTÉN,URBANO,3° Básico,MATEMATICAS,NUMEROS,"0,87"
6353,TOLTÉN,RURAL,3° Básico,MATEMATICAS,NUMEROS,"0,95"
6354,TOLTÉN,RURAL,3° Básico,MATEMATICAS,NUMEROS,"0,89"
6358,TEODORO SCHMIDT,RURAL,3° Básico,MATEMATICAS,NUMEROS,"0,55"
6371,TOLTÉN,RURAL,3° Básico,MATEMATICAS,NUMEROS,"0,34"
6373,TEODORO SCHMIDT,RURAL,3° Básico,MATEMATICAS,NUMEROS,"0,74"
6397,TEODORO SCHMIDT,URBANO,3° Básico,MATEMATICAS,NUMEROS,"0,75"
6398,TEODORO SCHMIDT,URBANO,3° Básico,MATEMATICAS,NUMEROS,"0,42"
6399,TEODORO SCHMIDT,URBANO,3° Básico,MATEMATICAS,NUMEROS,"0,8"
6400,TEODORO SCHMIDT,RURAL,3° Básico,MATEMATICAS,NUMEROS,"0,26"
6407,TEODORO SCHMIDT,RURAL,3° Básico,MATEMATICAS,NUMEROS,"0,26"
6410,TEODORO SCHMIDT,RURAL,3° Básico,MATEMATICAS,NUMEROS,"0,61"
6411,TEODORO SCHMIDT,RURAL,3° Básico,MATEMATICAS,NUMEROS,"0,89"
6413,TEODORO SCHMIDT,RURAL,3° Básico,MATEMATICAS,NUMEROS,"0,32"
6415,TEODORO SCHMIDT,RURAL,3° Básico,MATEMATICAS,NUMEROS,"0,97"
6454,SAAVEDRA,RURAL,3° Básico,MATEMATICAS,NUMEROS,"0,79"
6455,SAAVEDRA,RURAL,3° Básico,MATEMATICAS,NUMEROS,"0,59"
6456,SAAVEDRA,RURAL,3° Básico,MATEMATICAS,NUMEROS,"0,63"
6457,SAAVEDRA,URBANO,3° Básico,MATEMATICAS,NUMEROS,"0,67"
6458,SAAVEDRA,RURAL,3° Básico,MATEMATICAS,NUMEROS,"0,37"
6459,SAAVEDRA,RURAL,3° Básico,MATEMATICAS,NUMEROS,"0,74"
6495,SAAVEDRA,RURAL,3° Básico,MATEMATICAS,NUMEROS,"0,84"
6499,CARAHUE,URBANO,3° Básico,MATEMATICAS,NUMEROS,"0,65"
6500,CARAHUE,URBANO,3° Básico,MATEMATICAS,NUMEROS,"0,67"
6501,CARAHUE,URBANO,3° Básico,MATEMATICAS,NUMEROS,"0,79"
6502,CARAHUE,URBANO,3° Básico,MATEMATICAS,NUMEROS,"0,71"
6504,CARAHUE,RURAL,3° Básico,MATEMATICAS,NUMEROS,"0,52"
6512,CARAHUE,RURAL,3° Básico,MATEMATICAS,NUMEROS,"0,32"
6521,CARAHUE,RURAL,3° Básico,MATEMATICAS,NUMEROS,"0,74"
6523,CARAHUE,RURAL,3° Básico,MATEMATICAS,NUMEROS,"0,89"
6524,CARAHUE,RURAL,3° Básico,MATEMATICAS,NUMEROS,"0,53"
6526,CARAHUE,RURAL,3° Básico,MATEMATICAS,NUMEROS,"0,89"
6528,CARAHUE,RURAL,3° Básico,MATEMATICAS,NUMEROS,"0,71"
6529,CARAHUE,RURAL,3° Básico,MATEMATICAS,NUMEROS,"0,68"
6587,NUEVA IMPERIAL,URBANO,3° Básico,MATEMATICAS,NUMEROS,"0,67"
6593,NUEVA IMPERIAL,RURAL,3° Básico,MATEMATICAS,NUMEROS,"0,75"
6602,NUEVA IMPERIAL,RURAL,3° Básico,MATEMATICAS,NUMEROS,"0,53"
6605,NUEVA IMPERIAL,RURAL,3° Básico,MATEMATICAS,NUMEROS,"0,21"
6608,NUEVA IMPERIAL,RURAL,3° Básico,MATEMATICAS,NUMEROS,"0,7"
6611,NUEVA IMPERIAL,RURAL,3° Básico,MATEMATICAS,NUMEROS,"0,93"
6623,NUEVA IMPERIAL,RURAL,3° Básico,MATEMATICAS,NUMEROS,"0,74"
6628,NUEVA IMPERIAL,RURAL,3° Básico,MATEMATICAS,NUMEROS,"0,63"
6635,NUEVA IMPERIAL,RURAL,3° Básico,MATEMATICAS,NUMEROS,"0,89"
6349,TOLTÉN,URBANO,1° Básico,MATEMATICAS,GEOMETRIA,"0,77"
6350,TOLTÉN,URBANO,1° Básico,MATEMATICAS,GEOMETRIA,"0,73"
6351,TOLTÉN,RURAL,1° Básico,MATEMATICAS,GEOMETRIA,"0,9"
6352,TOLTÉN,URBANO,1° Básico,MATEMATICAS,GEOMETRIA,"0,82"
6353,TOLTÉN,RURAL,1° Básico,MATEMATICAS,GEOMETRIA,"0,8"
6354,TOLTÉN,RURAL,1° Básico,MATEMATICAS,GEOMETRIA,"0,8"
6358,TEODORO SCHMIDT,RURAL,1° Básico,MATEMATICAS,GEOMETRIA,"0,8"
6361,TEODORO SCHMIDT,RURAL,1° Básico,MATEMATICAS,GEOMETRIA,"0,8"
6370,TOLTÉN,RURAL,1° Básico,MATEMATICAS,GEOMETRIA,"0,6"
6371,TOLTÉN,RURAL,1° Básico,MATEMATICAS,GEOMETRIA,"0,67"
6373,TEODORO SCHMIDT,RURAL,1° Básico,MATEMATICAS,GEOMETRIA,"0,1"
6397,TEODORO SCHMIDT,URBANO,1° Básico,MATEMATICAS,GEOMETRIA,"0,78"
6398,TEODORO SCHMIDT,URBANO,1° Básico,MATEMATICAS,GEOMETRIA,"0,61"
6399,TEODORO SCHMIDT,URBANO,1° Básico,MATEMATICAS,GEOMETRIA,"0,8"
6400,TEODORO SCHMIDT,RURAL,1° Básico,MATEMATICAS,GEOMETRIA,"0,8"
6407,TEODORO SCHMIDT,RURAL,1° Básico,MATEMATICAS,GEOMETRIA,"0,8"
6411,TEODORO SCHMIDT,RURAL,1° Básico,MATEMATICAS,GEOMETRIA,"0,6"
6413,TEODORO SCHMIDT,RURAL,1° Básico,MATEMATICAS,GEOMETRIA,"0,8"
6415,TEODORO SCHMIDT,RURAL,1° Básico,MATEMATICAS,GEOMETRIA,"0,7"
6454,SAAVEDRA,RURAL,1° Básico,MATEMATICAS,GEOMETRIA,"0,9"
6455,SAAVEDRA,RURAL,1° Básico,MATEMATICAS,GEOMETRIA,"0,67"
6456,SAAVEDRA,RURAL,1° Básico,MATEMATICAS,GEOMETRIA,"0,6"
6457,SAAVEDRA,URBANO,1° Básico,MATEMATICAS,GEOMETRIA,"0,7"
6458,SAAVEDRA,RURAL,1° Básico,MATEMATICAS,GEOMETRIA,"0,53"
6459,SAAVEDRA,RURAL,1° Básico,MATEMATICAS,GEOMETRIA,"0,87"
6495,SAAVEDRA,RURAL,1° Básico,MATEMATICAS,GEOMETRIA,"0,96"
6499,CARAHUE,URBANO,1° Básico,MATEMATICAS,GEOMETRIA,"0,79"
6500,CARAHUE,URBANO,1° Básico,MATEMATICAS,GEOMETRIA,"0,8"
6501,CARAHUE,URBANO,1° Básico,MATEMATICAS,GEOMETRIA,"0,78"
6502,CARAHUE,URBANO,1° Básico,MATEMATICAS,GEOMETRIA,"0,64"
6504,CARAHUE,RURAL,1° Básico,MATEMATICAS,GEOMETRIA,"0,67"
6508,CARAHUE,RURAL,1° Básico,MATEMATICAS,GEOMETRIA,"0,8"
6510,CARAHUE,RURAL,1° Básico,MATEMATICAS,GEOMETRIA,"0,6"
6512,CARAHUE,RURAL,1° Básico,MATEMATICAS,GEOMETRIA,"0,8"
6522,CARAHUE,RURAL,1° Básico,MATEMATICAS,GEOMETRIA,1
6529,CARAHUE,RURAL,1° Básico,MATEMATICAS,GEOMETRIA,1
6539,CARAHUE,RURAL,1° Básico,MATEMATICAS,GEOMETRIA,"0,83"
6587,NUEVA IMPERIAL,URBANO,1° Básico,MATEMATICAS,GEOMETRIA,"0,79"
6593,NUEVA IMPERIAL,RURAL,1° Básico,MATEMATICAS,GEOMETRIA,"0,77"
6600,NUEVA IMPERIAL,RURAL,1° Básico,MATEMATICAS,GEOMETRIA,"0,8"
6602,NUEVA IMPERIAL,RURAL,1° Básico,MATEMATICAS,GEOMETRIA,"0,84"
6605,NUEVA IMPERIAL,RURAL,1° Básico,MATEMATICAS,GEOMETRIA,"0,73"
6608,NUEVA IMPERIAL,RURAL,1° Básico,MATEMATICAS,GEOMETRIA,"0,67"
6611,NUEVA IMPERIAL,RURAL,1° Básico,MATEMATICAS,GEOMETRIA,"0,8"
6623,NUEVA IMPERIAL,RURAL,1° Básico,MATEMATICAS,GEOMETRIA,"0,67"
6628,NUEVA IMPERIAL,RURAL,1° Básico,MATEMATICAS,GEOMETRIA,"0,8"
6639,NUEVA IMPERIAL,RURAL,1° Básico,MATEMATICAS,GEOMETRIA,"0,67"
6349,TOLTÉN,URBANO,2° Básico,MATEMATICAS,GEOMETRIA,"0,76"
6350,TOLTÉN,URBANO,2° Básico,MATEMATICAS,GEOMETRIA,"0,71"
6351,TOLTÉN,RURAL,2° Básico,MATEMATICAS,GEOMETRIA,"0,61"
6352,TOLTÉN,URBANO,2° Básico,MATEMATICAS,GEOMETRIA,"0,55"
6353,TOLTÉN,RURAL,2° Básico,MATEMATICAS,GEOMETRIA,"0,72"
6358,TEODORO SCHMIDT,RURAL,2° Básico,MATEMATICAS,GEOMETRIA,"0,63"
6371,TOLTÉN,RURAL,2° Básico,MATEMATICAS,GEOMETRIA,"0,54"
6373,TEODORO SCHMIDT,RURAL,2° Básico,MATEMATICAS,GEOMETRIA,"0,64"
6374,TOLTÉN,RURAL,2° Básico,MATEMATICAS,GEOMETRIA,1
6397,TEODORO SCHMIDT,URBANO,2° Básico,MATEMATICAS,GEOMETRIA,"0,65"
6398,TEODORO SCHMIDT,URBANO,2° Básico,MATEMATICAS,GEOMETRIA,"0,42"
6399,TEODORO SCHMIDT,URBANO,2° Básico,MATEMATICAS,GEOMETRIA,"0,68"
6400,TEODORO SCHMIDT,RURAL,2° Básico,MATEMATICAS,GEOMETRIA,"0,53"
6407,TEODORO SCHMIDT,RURAL,2° Básico,MATEMATICAS,GEOMETRIA,"0,29"
6411,TEODORO SCHMIDT,RURAL,2° Básico,MATEMATICAS,GEOMETRIA,"0,63"
6413,TEODORO SCHMIDT,RURAL,2° Básico,MATEMATICAS,GEOMETRIA,"0,81"
6454,SAAVEDRA,RURAL,2° Básico,MATEMATICAS,GEOMETRIA,"0,63"
6455,SAAVEDRA,RURAL,2° Básico,MATEMATICAS,GEOMETRIA,"0,7"
6456,SAAVEDRA,RURAL,2° Básico,MATEMATICAS,GEOMETRIA,"0,63"
6457,SAAVEDRA,URBANO,2° Básico,MATEMATICAS,GEOMETRIA,"0,6"
6458,SAAVEDRA,RURAL,2° Básico,MATEMATICAS,GEOMETRIA,"0,54"
6459,SAAVEDRA,RURAL,2° Básico,MATEMATICAS,GEOMETRIA,"0,72"
6495,SAAVEDRA,RURAL,2° Básico,MATEMATICAS,GEOMETRIA,"0,72"
6499,CARAHUE,URBANO,2° Básico,MATEMATICAS,GEOMETRIA,"0,74"
6500,CARAHUE,URBANO,2° Básico,MATEMATICAS,GEOMETRIA,"0,74"
6501,CARAHUE,URBANO,2° Básico,MATEMATICAS,GEOMETRIA,"0,7"
6502,CARAHUE,URBANO,2° Básico,MATEMATICAS,GEOMETRIA,"0,7"
6504,CARAHUE,RURAL,2° Básico,MATEMATICAS,GEOMETRIA,"0,58"
6506,CARAHUE,RURAL,2° Básico,MATEMATICAS,GEOMETRIA,"0,88"
6522,CARAHUE,RURAL,2° Básico,MATEMATICAS,GEOMETRIA,"0,38"
6523,CARAHUE,RURAL,2° Básico,MATEMATICAS,GEOMETRIA,"0,75"
6524,CARAHUE,RURAL,2° Básico,MATEMATICAS,GEOMETRIA,"0,81"
6528,CARAHUE,RURAL,2° Básico,MATEMATICAS,GEOMETRIA,"0,73"
6539,CARAHUE,RURAL,2° Básico,MATEMATICAS,GEOMETRIA,"0,78"
6587,NUEVA IMPERIAL,URBANO,2° Básico,MATEMATICAS,GEOMETRIA,"0,75"
6593,NUEVA IMPERIAL,RURAL,2° Básico,MATEMATICAS,GEOMETRIA,"0,65"
6600,NUEVA IMPERIAL,RURAL,2° Básico,MATEMATICAS,GEOMETRIA,"0,79"
6605,NUEVA IMPERIAL,RURAL,2° Básico,MATEMATICAS,GEOMETRIA,"0,81"
6608,NUEVA IMPERIAL,RURAL,2° Básico,MATEMATICAS,GEOMETRIA,"0,58"
6611,NUEVA IMPERIAL,RURAL,2° Básico,MATEMATICAS,GEOMETRIA,"0,5"
6623,NUEVA IMPERIAL,RURAL,2° Básico,MATEMATICAS,GEOMETRIA,"0,75"
6628,NUEVA IMPERIAL,RURAL,2° Básico,MATEMATICAS,GEOMETRIA,"0,69"
6635,NUEVA IMPERIAL,RURAL,2° Básico,MATEMATICAS,GEOMETRIA,"0,75"
6639,NUEVA IMPERIAL,RURAL,2° Básico,MATEMATICAS,GEOMETRIA,1
6349,TOLTÉN,URBANO,3° Básico,MATEMATICAS,GEOMETRIA,"0,69"
6350,TOLTÉN,URBANO,3° Básico,MATEMATICAS,GEOMETRIA,"0,54"
6351,TOLTÉN,RURAL,3° Básico,MATEMATICAS,GEOMETRIA,"0,48"
6352,TOLTÉN,URBANO,3° Básico,MATEMATICAS,GEOMETRIA,"0,81"
6353,TOLTÉN,RURAL,3° Básico,MATEMATICAS,GEOMETRIA,"0,7"
6354,TOLTÉN,RURAL,3° Básico,MATEMATICAS,GEOMETRIA,"0,9"
6358,TEODORO SCHMIDT,RURAL,3° Básico,MATEMATICAS,GEOMETRIA,"0,35"
6371,TOLTÉN,RURAL,3° Básico,MATEMATICAS,GEOMETRIA,"0,4"
6373,TEODORO SCHMIDT,RURAL,3° Básico,MATEMATICAS,GEOMETRIA,"0,6"
6397,TEODORO SCHMIDT,URBANO,3° Básico,MATEMATICAS,GEOMETRIA,"0,6"
6398,TEODORO SCHMIDT,URBANO,3° Básico,MATEMATICAS,GEOMETRIA,"0,32"
6399,TEODORO SCHMIDT,URBANO,3° Básico,MATEMATICAS,GEOMETRIA,"0,62"
6400,TEODORO SCHMIDT,RURAL,3° Básico,MATEMATICAS,GEOMETRIA,"0,3"
6407,TEODORO SCHMIDT,RURAL,3° Básico,MATEMATICAS,GEOMETRIA,"0,2"
6410,TEODORO SCHMIDT,RURAL,3° Básico,MATEMATICAS,GEOMETRIA,"0,65"
6411,TEODORO SCHMIDT,RURAL,3° Básico,MATEMATICAS,GEOMETRIA,"0,7"
6413,TEODORO SCHMIDT,RURAL,3° Básico,MATEMATICAS,GEOMETRIA,"0,2"
6415,TEODORO SCHMIDT,RURAL,3° Básico,MATEMATICAS,GEOMETRIA,"0,75"
6454,SAAVEDRA,RURAL,3° Básico,MATEMATICAS,GEOMETRIA,"0,67"
6455,SAAVEDRA,RURAL,3° Básico,MATEMATICAS,GEOMETRIA,"0,46"
6456,SAAVEDRA,RURAL,3° Básico,MATEMATICAS,GEOMETRIA,"0,55"
6457,SAAVEDRA,URBANO,3° Básico,MATEMATICAS,GEOMETRIA,"0,56"
6458,SAAVEDRA,RURAL,3° Básico,MATEMATICAS,GEOMETRIA,"0,38"
6459,SAAVEDRA,RURAL,3° Básico,MATEMATICAS,GEOMETRIA,"0,7"
6495,SAAVEDRA,RURAL,3° Básico,MATEMATICAS,GEOMETRIA,"0,65"
6499,CARAHUE,URBANO,3° Básico,MATEMATICAS,GEOMETRIA,"0,56"
6500,CARAHUE,URBANO,3° Básico,MATEMATICAS,GEOMETRIA,"0,59"
6501,CARAHUE,URBANO,3° Básico,MATEMATICAS,GEOMETRIA,"0,7"
6502,CARAHUE,URBANO,3° Básico,MATEMATICAS,GEOMETRIA,"0,6"
6504,CARAHUE,RURAL,3° Básico,MATEMATICAS,GEOMETRIA,"0,44"
6512,CARAHUE,RURAL,3° Básico,MATEMATICAS,GEOMETRIA,"0,4"
6521,CARAHUE,RURAL,3° Básico,MATEMATICAS,GEOMETRIA,"0,9"
6523,CARAHUE,RURAL,3° Básico,MATEMATICAS,GEOMETRIA,"0,8"
6524,CARAHUE,RURAL,3° Básico,MATEMATICAS,GEOMETRIA,"0,9"
6526,CARAHUE,RURAL,3° Básico,MATEMATICAS,GEOMETRIA,"0,75"
6528,CARAHUE,RURAL,3° Básico,MATEMATICAS,GEOMETRIA,"0,59"
6529,CARAHUE,RURAL,3° Básico,MATEMATICAS,GEOMETRIA,"0,6"
6587,NUEVA IMPERIAL,URBANO,3° Básico,MATEMATICAS,GEOMETRIA,"0,44"
6593,NUEVA IMPERIAL,RURAL,3° Básico,MATEMATICAS,GEOMETRIA,"0,61"
6602,NUEVA IMPERIAL,RURAL,3° Básico,MATEMATICAS,GEOMETRIA,"0,2"
6605,NUEVA IMPERIAL,RURAL,3° Básico,MATEMATICAS,GEOMETRIA,"0,5"
6608,NUEVA IMPERIAL,RURAL,3° Básico,MATEMATICAS,GEOMETRIA,"0,5"
6611,NUEVA IMPERIAL,RURAL,3° Básico,MATEMATICAS,GEOMETRIA,"0,7"
6623,NUEVA IMPERIAL,RURAL,3° Básico,MATEMATICAS,GEOMETRIA,"0,6"
6628,NUEVA IMPERIAL,RURAL,3° Básico,MATEMATICAS,GEOMETRIA,"0,5"
6635,NUEVA IMPERIAL,RURAL,3° Básico,MATEMATICAS,GEOMETRIA,"0,7"
6349,TOLTÉN,URBANO,1° Básico,MATEMATICAS,ESTADYPROB,"0,92"
6350,TOLTÉN,URBANO,1° Básico,MATEMATICAS,ESTADYPROB,"0,83"
6351,TOLTÉN,RURAL,1° Básico,MATEMATICAS,ESTADYPROB,"0,93"
6352,TOLTÉN,URBANO,1° Básico,MATEMATICAS,ESTADYPROB,"0,93"
6353,TOLTÉN,RURAL,1° Básico,MATEMATICAS,ESTADYPROB,"0,8"
6354,TOLTÉN,RURAL,1° Básico,MATEMATICAS,ESTADYPROB,1
6358,TEODORO SCHMIDT,RURAL,1° Básico,MATEMATICAS,ESTADYPROB,"0,8"
6361,TEODORO SCHMIDT,RURAL,1° Básico,MATEMATICAS,ESTADYPROB,"0,8"
6370,TOLTÉN,RURAL,1° Básico,MATEMATICAS,ESTADYPROB,"0,4"
6371,TOLTÉN,RURAL,1° Básico,MATEMATICAS,ESTADYPROB,"0,67"
6373,TEODORO SCHMIDT,RURAL,1° Básico,MATEMATICAS,ESTADYPROB,"0,5"
6397,TEODORO SCHMIDT,URBANO,1° Básico,MATEMATICAS,ESTADYPROB,"0,94"
6398,TEODORO SCHMIDT,URBANO,1° Básico,MATEMATICAS,ESTADYPROB,"0,62"
6399,TEODORO SCHMIDT,URBANO,1° Básico,MATEMATICAS,ESTADYPROB,"0,89"
6400,TEODORO SCHMIDT,RURAL,1° Básico,MATEMATICAS,ESTADYPROB,"0,6"
6407,TEODORO SCHMIDT,RURAL,1° Básico,MATEMATICAS,ESTADYPROB,"0,4"
6411,TEODORO SCHMIDT,RURAL,1° Básico,MATEMATICAS,ESTADYPROB,"0,8"
6413,TEODORO SCHMIDT,RURAL,1° Básico,MATEMATICAS,ESTADYPROB,"0,6"
6415,TEODORO SCHMIDT,RURAL,1° Básico,MATEMATICAS,ESTADYPROB,"0,8"
6454,SAAVEDRA,RURAL,1° Básico,MATEMATICAS,ESTADYPROB,1
6455,SAAVEDRA,RURAL,1° Básico,MATEMATICAS,ESTADYPROB,"0,4"
6456,SAAVEDRA,RURAL,1° Básico,MATEMATICAS,ESTADYPROB,"0,8"
6457,SAAVEDRA,URBANO,1° Básico,MATEMATICAS,ESTADYPROB,"0,79"
6458,SAAVEDRA,RURAL,1° Básico,MATEMATICAS,ESTADYPROB,"0,13"
6459,SAAVEDRA,RURAL,1° Básico,MATEMATICAS,ESTADYPROB,"0,8"
6495,SAAVEDRA,RURAL,1° Básico,MATEMATICAS,ESTADYPROB,"0,8"
6499,CARAHUE,URBANO,1° Básico,MATEMATICAS,ESTADYPROB,"0,95"
6500,CARAHUE,URBANO,1° Básico,MATEMATICAS,ESTADYPROB,"0,95"
6501,CARAHUE,URBANO,1° Básico,MATEMATICAS,ESTADYPROB,"0,85"
6502,CARAHUE,URBANO,1° Básico,MATEMATICAS,ESTADYPROB,"0,89"
6504,CARAHUE,RURAL,1° Básico,MATEMATICAS,ESTADYPROB,"0,85"
6508,CARAHUE,RURAL,1° Básico,MATEMATICAS,ESTADYPROB,"0,8"
6510,CARAHUE,RURAL,1° Básico,MATEMATICAS,ESTADYPROB,"0,8"
6512,CARAHUE,RURAL,1° Básico,MATEMATICAS,ESTADYPROB,"0,4"
6522,CARAHUE,RURAL,1° Básico,MATEMATICAS,ESTADYPROB,"0,6"
6529,CARAHUE,RURAL,1° Básico,MATEMATICAS,ESTADYPROB,1
6539,CARAHUE,RURAL,1° Básico,MATEMATICAS,ESTADYPROB,"0,93"
6587,NUEVA IMPERIAL,URBANO,1° Básico,MATEMATICAS,ESTADYPROB,"0,87"
6593,NUEVA IMPERIAL,RURAL,1° Básico,MATEMATICAS,ESTADYPROB,"0,94"
6600,NUEVA IMPERIAL,RURAL,1° Básico,MATEMATICAS,ESTADYPROB,1
6602,NUEVA IMPERIAL,RURAL,1° Básico,MATEMATICAS,ESTADYPROB,"0,96"
6605,NUEVA IMPERIAL,RURAL,1° Básico,MATEMATICAS,ESTADYPROB,"0,67"
6608,NUEVA IMPERIAL,RURAL,1° Básico,MATEMATICAS,ESTADYPROB,"0,67"
6611,NUEVA IMPERIAL,RURAL,1° Básico,MATEMATICAS,ESTADYPROB,"0,8"
6623,NUEVA IMPERIAL,RURAL,1° Básico,MATEMATICAS,ESTADYPROB,"0,8"
6628,NUEVA IMPERIAL,RURAL,1° Básico,MATEMATICAS,ESTADYPROB,"0,73"
6639,NUEVA IMPERIAL,RURAL,1° Básico,MATEMATICAS,ESTADYPROB,"0,83"
6349,TOLTÉN,URBANO,2° Básico,MATEMATICAS,ESTADYPROB,"0,78"
6350,TOLTÉN,URBANO,2° Básico,MATEMATICAS,ESTADYPROB,"0,74"
6351,TOLTÉN,RURAL,2° Básico,MATEMATICAS,ESTADYPROB,"0,62"
6352,TOLTÉN,URBANO,2° Básico,MATEMATICAS,ESTADYPROB,"0,65"
6353,TOLTÉN,RURAL,2° Básico,MATEMATICAS,ESTADYPROB,"0,67"
6358,TEODORO SCHMIDT,RURAL,2° Básico,MATEMATICAS,ESTADYPROB,"0,67"
6371,TOLTÉN,RURAL,2° Básico,MATEMATICAS,ESTADYPROB,"0,61"
6373,TEODORO SCHMIDT,RURAL,2° Básico,MATEMATICAS,ESTADYPROB,"0,48"
6374,TOLTÉN,RURAL,2° Básico,MATEMATICAS,ESTADYPROB,"0,83"
6397,TEODORO SCHMIDT,URBANO,2° Básico,MATEMATICAS,ESTADYPROB,"0,6"
6398,TEODORO SCHMIDT,URBANO,2° Básico,MATEMATICAS,ESTADYPROB,"0,45"
6399,TEODORO SCHMIDT,URBANO,2° Básico,MATEMATICAS,ESTADYPROB,"0,79"
6400,TEODORO SCHMIDT,RURAL,2° Básico,MATEMATICAS,ESTADYPROB,"0,5"
6407,TEODORO SCHMIDT,RURAL,2° Básico,MATEMATICAS,ESTADYPROB,"0,39"
6411,TEODORO SCHMIDT,RURAL,2° Básico,MATEMATICAS,ESTADYPROB,"0,56"
6413,TEODORO SCHMIDT,RURAL,2° Básico,MATEMATICAS,ESTADYPROB,"0,75"
6454,SAAVEDRA,RURAL,2° Básico,MATEMATICAS,ESTADYPROB,"0,9"
6455,SAAVEDRA,RURAL,2° Básico,MATEMATICAS,ESTADYPROB,"0,6"
6456,SAAVEDRA,RURAL,2° Básico,MATEMATICAS,ESTADYPROB,"0,58"
6457,SAAVEDRA,URBANO,2° Básico,MATEMATICAS,ESTADYPROB,"0,6"
6458,SAAVEDRA,RURAL,2° Básico,MATEMATICAS,ESTADYPROB,"0,64"
6459,SAAVEDRA,RURAL,2° Básico,MATEMATICAS,ESTADYPROB,"0,75"
6495,SAAVEDRA,RURAL,2° Básico,MATEMATICAS,ESTADYPROB,"0,79"
6499,CARAHUE,URBANO,2° Básico,MATEMATICAS,ESTADYPROB,"0,77"
6500,CARAHUE,URBANO,2° Básico,MATEMATICAS,ESTADYPROB,"0,77"
6501,CARAHUE,URBANO,2° Básico,MATEMATICAS,ESTADYPROB,"0,77"
6502,CARAHUE,URBANO,2° Básico,MATEMATICAS,ESTADYPROB,"0,73"
6504,CARAHUE,RURAL,2° Básico,MATEMATICAS,ESTADYPROB,"0,71"
6506,CARAHUE,RURAL,2° Básico,MATEMATICAS,ESTADYPROB,"0,83"
6522,CARAHUE,RURAL,2° Básico,MATEMATICAS,ESTADYPROB,"0,5"
6523,CARAHUE,RURAL,2° Básico,MATEMATICAS,ESTADYPROB,"0,83"
6524,CARAHUE,RURAL,2° Básico,MATEMATICAS,ESTADYPROB,"0,58"
6528,CARAHUE,RURAL,2° Básico,MATEMATICAS,ESTADYPROB,"0,87"
6539,CARAHUE,RURAL,2° Básico,MATEMATICAS,ESTADYPROB,"0,75"
6587,NUEVA IMPERIAL,URBANO,2° Básico,MATEMATICAS,ESTADYPROB,"0,85"
6593,NUEVA IMPERIAL,RURAL,2° Básico,MATEMATICAS,ESTADYPROB,"0,83"
6600,NUEVA IMPERIAL,RURAL,2° Básico,MATEMATICAS,ESTADYPROB,"0,39"
6605,NUEVA IMPERIAL,RURAL,2° Básico,MATEMATICAS,ESTADYPROB,"0,92"
6608,NUEVA IMPERIAL,RURAL,2° Básico,MATEMATICAS,ESTADYPROB,"0,61"
6611,NUEVA IMPERIAL,RURAL,2° Básico,MATEMATICAS,ESTADYPROB,"0,67"
6623,NUEVA IMPERIAL,RURAL,2° Básico,MATEMATICAS,ESTADYPROB,"0,83"
6628,NUEVA IMPERIAL,RURAL,2° Básico,MATEMATICAS,ESTADYPROB,"0,92"
6635,NUEVA IMPERIAL,RURAL,2° Básico,MATEMATICAS,ESTADYPROB,1
6639,NUEVA IMPERIAL,RURAL,2° Básico,MATEMATICAS,ESTADYPROB,"0,5"
6349,TOLTÉN,URBANO,3° Básico,MATEMATICAS,ESTADYPROB,"0,77"
6350,TOLTÉN,URBANO,3° Básico,MATEMATICAS,ESTADYPROB,"0,64"
6351,TOLTÉN,RURAL,3° Básico,MATEMATICAS,ESTADYPROB,"0,62"
6352,TOLTÉN,URBANO,3° Básico,MATEMATICAS,ESTADYPROB,"0,85"
6353,TOLTÉN,RURAL,3° Básico,MATEMATICAS,ESTADYPROB,"0,67"
6354,TOLTÉN,RURAL,3° Básico,MATEMATICAS,ESTADYPROB,"0,83"
6358,TEODORO SCHMIDT,RURAL,3° Básico,MATEMATICAS,ESTADYPROB,"0,5"
6371,TOLTÉN,RURAL,3° Básico,MATEMATICAS,ESTADYPROB,"0,83"
6373,TEODORO SCHMIDT,RURAL,3° Básico,MATEMATICAS,ESTADYPROB,"0,42"
6397,TEODORO SCHMIDT,URBANO,3° Básico,MATEMATICAS,ESTADYPROB,"0,6"
6398,TEODORO SCHMIDT,URBANO,3° Básico,MATEMATICAS,ESTADYPROB,"0,36"
6399,TEODORO SCHMIDT,URBANO,3° Básico,MATEMATICAS,ESTADYPROB,"0,72"
6400,TEODORO SCHMIDT,RURAL,3° Básico,MATEMATICAS,ESTADYPROB,"0,17"
6407,TEODORO SCHMIDT,RURAL,3° Básico,MATEMATICAS,ESTADYPROB,"0,5"
6410,TEODORO SCHMIDT,RURAL,3° Básico,MATEMATICAS,ESTADYPROB,"0,42"
6411,TEODORO SCHMIDT,RURAL,3° Básico,MATEMATICAS,ESTADYPROB,"0,75"
6413,TEODORO SCHMIDT,RURAL,3° Básico,MATEMATICAS,ESTADYPROB,0
6415,TEODORO SCHMIDT,RURAL,3° Básico,MATEMATICAS,ESTADYPROB,"0,92"
6454,SAAVEDRA,RURAL,3° Básico,MATEMATICAS,ESTADYPROB,"0,7"
6455,SAAVEDRA,RURAL,3° Básico,MATEMATICAS,ESTADYPROB,"0,56"
6456,SAAVEDRA,RURAL,3° Básico,MATEMATICAS,ESTADYPROB,"0,58"
6457,SAAVEDRA,URBANO,3° Básico,MATEMATICAS,ESTADYPROB,"0,64"
6458,SAAVEDRA,RURAL,3° Básico,MATEMATICAS,ESTADYPROB,"0,42"
6459,SAAVEDRA,RURAL,3° Básico,MATEMATICAS,ESTADYPROB,"0,71"
6495,SAAVEDRA,RURAL,3° Básico,MATEMATICAS,ESTADYPROB,"0,67"
6499,CARAHUE,URBANO,3° Básico,MATEMATICAS,ESTADYPROB,"0,67"
6500,CARAHUE,URBANO,3° Básico,MATEMATICAS,ESTADYPROB,"0,56"
6501,CARAHUE,URBANO,3° Básico,MATEMATICAS,ESTADYPROB,"0,73"
6502,CARAHUE,URBANO,3° Básico,MATEMATICAS,ESTADYPROB,"0,6"
6504,CARAHUE,RURAL,3° Básico,MATEMATICAS,ESTADYPROB,"0,58"
6512,CARAHUE,RURAL,3° Básico,MATEMATICAS,ESTADYPROB,"0,5"
6521,CARAHUE,RURAL,3° Básico,MATEMATICAS,ESTADYPROB,1
6523,CARAHUE,RURAL,3° Básico,MATEMATICAS,ESTADYPROB,1
6524,CARAHUE,RURAL,3° Básico,MATEMATICAS,ESTADYPROB,"0,5"
6526,CARAHUE,RURAL,3° Básico,MATEMATICAS,ESTADYPROB,"0,92"
6528,CARAHUE,RURAL,3° Básico,MATEMATICAS,ESTADYPROB,"0,58"
6529,CARAHUE,RURAL,3° Básico,MATEMATICAS,ESTADYPROB,"0,67"
6587,NUEVA IMPERIAL,URBANO,3° Básico,MATEMATICAS,ESTADYPROB,"0,55"
6593,NUEVA IMPERIAL,RURAL,3° Básico,MATEMATICAS,ESTADYPROB,"0,72"
6602,NUEVA IMPERIAL,RURAL,3° Básico,MATEMATICAS,ESTADYPROB,"0,17"
6605,NUEVA IMPERIAL,RURAL,3° Básico,MATEMATICAS,ESTADYPROB,"0,5"
6608,NUEVA IMPERIAL,RURAL,3° Básico,MATEMATICAS,ESTADYPROB,"0,5"
6611,NUEVA IMPERIAL,RURAL,3° Básico,MATEMATICAS,ESTADYPROB,"0,78"
6623,NUEVA IMPERIAL,RURAL,3° Básico,MATEMATICAS,ESTADYPROB,"0,83"
6628,NUEVA IMPERIAL,RURAL,3° Básico,MATEMATICAS,ESTADYPROB,"0,58"
6635,NUEVA IMPERIAL,RURAL,3° Básico,MATEMATICAS,ESTADYPROB,1
